barcode,chr1,chr2,chr3,chr4,chr5,chr6,chr7,chr8,chr9,chr10,chr11,chr12,chr13,chr14,chr15,chr16,chr17,chr18,chr19,chr20,chr21,chr22
cell_0000,0.9668596,1.0172476,0.9676041,1.1342394,1.059845,1.0248711,0.9522802,1.0769395,1.0414118,0.9554954,0.9236688,0.9959031,0.9824649,1.0454175,0.98350614,1.0326058,1.0339125,0.98584336,1.0128162,1.026854,0.90756345,1.0252465
cell_0001,1.0058832,1.0041219,0.95348865,0.9398077,0.99900115,0.99292856,0.98677254,1.0987074,0.87330705,1.0693166,1.0858738,1.0465442,0.8795088,1.0750848,0.9404304,0.95891213,0.92874724,0.8827031,0.9285548,1.0941863,0.91256046,0.99909914
cell_0002,1.1289219,1.0193093,0.9132705,1.0247169,0.90870875,1.017348,0.98734826,0.9811708,1.063353,0.92439324,1.0903091,0.8937893,0.97390807,1.1255108,0.84888566,0.8109137,1.0849775,1.054164,1.0265139,1.0320659,1.0328976,0.9808617
cell_0003,0.9987644,1.1753393,0.9240605,0.96400976,0.96408254,0.9631093,0.8614286,0.990335,0.9484275,1.02947,1.0088571,0.95520383,1.0446944,1.0138447,1.0226969,1.0965081,1.1139438,0.9869489,0.9190312,1.0542206,1.13485,0.965509
cell_0004,1.0070833,0.97218287,1.038666,1.083904,0.9701028,1.0210805,0.9184437,1.0696791,0.9891632,0.9610197,1.068543,0.89268714,1.0392898,1.0961102,1.0711755,0.9455445,1.0626802,0.8131068,0.9146081,0.9111912,0.9727423,1.0600213
cell_0005,0.97449684,0.9996647,1.0950347,1.0178962,1.2312236,0.89456797,1.0250435,1.0333166,0.8638327,0.99002415,0.9636752,0.9872301,0.94336027,0.9970377,0.95870805,0.9624588,0.9180896,1.0606507,0.9842229,1.1925409,0.9280771,1.0503548
cell_0006,1.0233707,1.0625039,1.025586,1.0451226,1.0051684,0.8948574,0.9141436,1.0284677,1.1125937,1.012929,1.0513501,0.93323296,0.8516605,1.0689636,0.92586905,1.0494118,1.0654559,1.0442734,0.9294962,1.1379156,0.7990829,1.1392406
cell_0007,1.0570047,1.0275221,0.9022571,1.0839956,0.9300096,0.9797192,1.0318437,0.9387206,0.9204551,1.0517428,0.92305857,1.0618942,1.0203727,0.98350376,1.0302337,0.98456264,1.0221778,0.9516007,0.9722006,1.1088948,1.1552482,0.94755983
cell_0008,0.94535613,1.1005397,1.0997523,0.8027126,1.0161222,1.1023108,0.995369,1.0004196,0.96723706,1.0170045,0.9540297,1.0516232,0.97054374,0.87948674,0.8991936,1.0666562,0.9865949,1.1252315,1.0100402,0.93244994,0.8498424,0.85787857
cell_0009,1.0203491,1.0168811,1.059875,0.97345096,0.92873627,0.9381005,1.0346285,1.0630218,1.0188572,1.0139612,1.0382767,1.0230836,0.9301363,1.009884,0.92838275,0.998253,0.93227106,0.89521223,0.94382894,0.9686323,1.0976595,0.9741626
cell_0010,1.0407017,0.93610215,0.90000015,1.1054838,1.0454085,0.91813195,1.0011462,0.93595064,0.9581056,1.0255996,0.99760157,0.902927,0.99865896,1.0587051,0.9347343,0.9797248,1.0054796,0.9292584,1.0408669,1.0226866,0.88308895,1.0305083
cell_0011,1.020014,1.0089222,1.0309497,0.99980986,0.9446491,0.8985148,1.0020608,0.8398203,1.0663428,0.9017207,0.9054148,0.97241455,1.0639153,1.0121337,1.0246159,1.0563742,0.9052885,0.9215743,1.0231895,1.0072379,1.0144999,0.94950753
cell_0012,1.0735205,0.90940446,1.042561,0.9402765,1.1044192,0.93923736,0.91723645,0.9441973,1.1157283,0.9596809,0.9859791,1.0858217,1.0132421,1.0358528,1.0552008,0.9836618,0.89163214,1.0449735,1.0319847,1.1442702,0.80080897,0.91105187
cell_0013,1.0000467,1.0861688,0.9841803,0.92581004,0.9576483,1.0360937,0.90705526,1.0466591,1.0500038,1.0219772,1.0723385,0.93976474,0.87984675,0.9340273,0.90762526,1.0482042,1.0190438,1.0007677,1.0127782,1.0399597,1.0971503,1.0954458
cell_0014,0.9891963,0.95089155,0.9238084,0.9691635,0.9213559,0.94457686,1.0670283,0.90945625,1.0202249,1.0411677,1.0563622,1.0374686,1.1238286,0.9738017,0.79470074,0.96061826,1.045413,0.9968127,1.0799943,0.98177177,1.0048404,0.90547
cell_0015,1.0147729,0.97161293,0.9506513,1.0208038,1.0561252,1.0676702,1.011427,0.9313671,0.9643878,0.9381803,0.9638348,0.90157443,0.83358693,1.0534803,0.93402916,1.0835074,0.9872944,0.96466154,0.84301466,1.02385,0.9416331,1.0196028
cell_0016,0.9784872,0.9315124,0.99477524,1.0504352,1.0181087,1.0614384,0.9911248,0.9762419,1.1736277,1.1390655,1.105931,0.8368185,0.8729316,0.87308854,1.1044906,0.9471728,0.8284494,0.8553856,0.986287,0.9085051,1.0528052,1.1367899
cell_0017,0.99951506,0.9243949,0.9714391,0.9230023,1.0382005,1.0288223,0.94537765,0.8441855,0.97347146,1.0511343,0.93049383,1.0792626,0.980149,1.0802516,1.129857,1.0374806,0.9079412,0.96313125,0.97684324,1.0279512,0.8218267,1.1164745
cell_0018,0.95921654,0.99136996,0.9182735,1.0258762,0.96402466,1.0574607,0.9876846,0.9625982,1.0670309,1.0074279,1.2633303,1.0405895,1.111938,1.076703,1.0484009,1.0155752,0.973417,1.0140085,0.9913949,0.8670605,0.934268,0.9842495
cell_0019,0.93880427,1.057382,0.8822779,1.0444729,0.9622367,0.82171774,0.96141124,0.82565224,1.0501083,1.0109032,1.0348775,0.99256897,0.9495673,1.0393614,1.1855288,1.0326983,0.9352303,0.8423636,0.969355,1.0338105,1.3262041,0.80788547
cell_0020,0.97801554,0.9949527,1.0177019,1.0342999,0.9291808,1.012382,1.0031762,0.8484055,1.008803,0.9723846,0.9848359,0.9331366,1.0680462,0.9152408,0.9876639,0.902766,0.8691862,1.0289412,1.0178522,0.89599925,1.0952486,0.90864766
cell_0021,0.9670186,0.9799649,1.1073195,1.1105574,1.0863681,0.9771871,0.9935196,1.0563928,1.0733235,1.0209984,1.0047774,0.96659136,0.7560871,1.0629039,0.8494168,0.88722754,0.94006085,1.0958959,1.0386162,1.0189579,1.0029634,0.8856105
cell_0022,1.0617274,0.97866255,1.0948253,1.066845,1.0052782,0.92835355,0.92066133,0.9410127,0.87415993,1.0553854,0.88435686,1.0185496,0.9655419,0.87601316,0.91811514,0.9685993,0.92007774,1.026483,0.8836594,1.0870795,0.89152044,1.1544656
cell_0023,0.941627,0.8985452,1.0412563,1.0288857,1.0081066,0.92042685,0.951305,1.1371883,0.98881394,1.0354414,1.0864768,1.0546125,0.9456932,0.99833125,1.0372105,1.0906594,0.9761962,1.0304353,1.038476,0.9323358,0.8799768,0.9552426
cell_0024,0.94974315,0.9671292,1.0710598,0.96424615,1.0190259,1.0007879,1.038063,0.98885715,0.9928818,0.9438878,1.0240959,0.9976944,1.0296147,0.99206394,0.9825066,0.9489899,0.8950657,0.92377007,1.059149,0.85596526,0.97038645,0.99518216
cell_0025,1.0080734,0.98050064,0.9165853,0.942794,0.9420127,0.9573032,1.0758591,0.94910496,0.9522404,1.0709879,1.0220565,0.934481,1.0406202,0.8571799,0.9414598,1.0392544,1.1017578,0.99661076,1.0016477,0.99500185,1.1535897,0.80370903
cell_0026,1.0220898,1.0273442,1.0306615,0.94630533,1.0246918,0.99093264,0.9413503,1.072288,0.9865315,0.9855224,1.0897547,1.0552485,0.9348077,0.9584485,1.0372887,0.9321779,0.990056,0.9668775,0.99930894,1.014677,1.1306338,0.8645375
cell_0027,0.9936176,0.97688067,0.9247178,1.0462648,1.0973747,1.0886753,0.9767018,1.0063671,0.8416593,1.0375825,0.9906296,1.058795,1.1677288,0.9614908,0.8063061,1.1847856,1.092548,1.054214,1.0538273,0.8127123,1.0887023,0.949625
cell_0028,1.0556271,0.9867953,0.971991,0.89948493,0.95343935,1.0784196,0.95189273,1.2902609,1.0206811,0.88614583,1.0381936,0.97188866,0.8983115,1.0807616,1.129728,0.93488544,0.98572326,1.2532872,1.055969,1.0075526,0.9091558,0.9872667
cell_0029,0.93222845,1.136362,0.94776976,1.1434014,0.9593481,1.0263768,0.97852635,0.9651359,1.0099348,0.931577,0.8988874,0.8379639,1.0977279,1.0253748,0.8632623,1.1033982,0.99992776,0.950213,0.9439135,1.0197959,1.0418259,1.0587257
cell_0030,0.960811,0.9678216,0.98667115,1.0925546,1.0000546,0.9576227,1.0282496,1.074505,1.0332321,0.9892656,0.9821065,0.9425489,0.94004166,1.1728674,0.92688406,1.0246098,1.1883713,1.1340533,1.1308702,0.9578595,1.1062214,0.9300859
cell_0031,0.9970981,1.0960364,1.0143425,1.0146593,1.0148087,1.0108976,1.02514,0.97632045,0.9334777,1.01298,0.9958146,1.0342962,0.98281264,0.96084595,0.9734973,0.9106045,1.0298442,1.0144408,0.98803383,0.8907241,1.1724867,1.1335213
cell_0032,0.9279198,1.0541433,0.8154943,0.9844455,1.0716467,1.0933678,1.016773,0.9776685,1.0731945,0.918964,1.038847,1.0446362,1.1054139,1.1169981,0.9915802,1.03118,0.9387594,0.9946013,1.0110892,1.0579983,0.92797166,1.0611991
cell_0033,1.0530559,0.9791099,0.9898681,1.0228763,0.94180715,1.0025853,1.0178188,1.0494505,0.9407565,0.99249876,1.0112861,1.1311084,0.9343151,1.0880781,0.93860406,1.0492291,0.9344494,1.0055633,1.0411417,0.9454351,1.004221,1.1010402
cell_0034,0.9634526,0.99544746,1.0041217,1.0322622,1.0168352,0.9414418,0.99413174,0.9058867,0.9122852,1.0448165,0.93979496,0.9603485,1.2060481,1.1658018,1.000742,0.93438506,1.0231735,1.0280261,0.8170328,0.9350443,1.0159814,1.1868441
cell_0035,0.93045646,0.88819766,1.0063456,0.91657966,1.0182513,1.0368935,1.0247273,0.94559103,1.0482888,1.0829791,1.0628933,1.0213317,1.022671,1.06793,0.9283661,1.0047132,0.9775761,0.897184,0.96380126,1.2104127,1.0097636,1.0711871
cell_0036,0.9821662,1.0137124,0.916198,1.0162603,0.9784484,0.9750611,1.0077666,1.0319365,1.126776,0.95873404,1.1070659,1.026618,1.1294829,0.89146334,1.0307484,1.0535212,0.97595775,0.96963406,0.90263385,1.1728107,0.94405556,1.1102716
cell_0037,1.0235691,0.9664398,0.8472808,1.0100288,1.0648633,0.9691315,1.045896,1.0634823,1.1202006,0.9759916,1.0839261,0.9992589,1.0465784,0.9969205,1.1506139,0.9253804,0.94564104,0.8260753,1.0164592,1.1688865,0.7942886,0.8537941
cell_0038,1.0356171,1.0453517,0.95446026,0.9761619,1.0142243,0.9713687,1.0168455,0.9700624,0.8464523,0.99518555,0.9862265,0.9490972,1.1578202,0.9989534,1.166552,1.0383382,1.0125593,0.9459641,0.8919646,0.8251325,1.1698861,0.9491411
cell_0039,1.1235505,1.0531931,1.0288506,0.8198711,1.052058,0.9914697,1.0520269,0.91482604,1.0515294,1.0423322,0.9423095,0.816919,0.82130045,1.0458604,1.0446435,1.1652877,0.87755007,0.98818713,1.0116034,1.074726,0.98303306,0.8897975
cell_0040,0.8428604,1.0204926,0.99668837,0.92863303,1.0556225,1.0098909,1.0128406,0.86258674,0.99976134,0.9477176,1.109968,0.9751473,1.1230426,1.1414112,1.1169052,1.015582,1.1107651,1.0693388,0.9725126,1.1299235,1.0056041,1.032866
cell_0041,0.99618137,1.057127,1.0038909,0.9961155,1.0165479,1.0359648,1.0351423,1.0081191,1.0454613,0.9727168,1.0653162,0.9039736,1.0429282,1.0433547,0.89928836,1.0047431,0.95203626,1.2198226,1.0161394,1.0256327,0.89736104,1.0515519
cell_0042,1.001348,1.0111346,0.99273854,0.8921904,1.0418286,1.0543576,0.89574367,1.1400217,1.0126989,0.96720326,0.96649796,1.0634246,0.89264375,0.94267476,0.9935992,1.0384464,0.94454837,0.8819376,0.9580549,1.1096456,0.96824104,1.0734802
cell_0043,0.9641537,0.8953088,0.96713525,1.0118842,1.0192233,1.0699115,1.0501893,0.96815825,0.988746,0.97935146,1.0136334,0.95640826,0.9089278,0.9189628,1.0116032,1.0253891,1.195208,0.8842012,1.0629812,0.8437947,0.91193277,1.0869452
cell_0044,0.9708944,0.927146,0.88810164,0.9104099,0.9270474,1.0008909,0.9334261,1.0600529,0.8782828,1.0461386,0.96666175,1.048332,1.0423471,1.1478628,0.9625848,1.0737827,1.0479075,1.0678067,1.0759251,0.9708894,1.0466775,1.0557175
cell_0045,0.9551156,0.93347925,1.0734499,1.0016936,1.0194093,1.1586479,1.0522999,1.0906651,0.99481833,0.81568056,0.9285413,0.89719176,0.9270829,1.0821254,1.0869639,0.9352488,0.84290177,0.91989255,0.9244991,1.1740941,0.7375026,1.0185674
cell_0046,0.9719742,1.0391285,0.97534496,0.93269515,1.1056356,1.0072284,0.94603676,1.1081496,1.0557188,0.9926793,0.9764754,1.1268333,1.0234907,1.0802194,1.0434526,0.96581095,1.0456836,0.9776379,1.0893433,0.9244674,1.0007141,1.1019379
cell_0047,1.023539,1.0842514,0.973749,1.0720787,1.0649511,1.010507,0.99478537,0.92661715,0.82125866,0.9765923,1.007135,0.8473105,0.83758056,0.97342217,1.035142,1.0615871,0.9618455,1.0555466,1.02711,1.1350561,0.8630024,1.1391221
cell_0048,1.0277698,0.9512016,1.0612142,1.0499101,1.065858,0.9532688,0.9444218,0.97694147,0.9391181,1.0334084,1.0120547,0.9793109,0.9934494,1.0013002,0.89403385,1.1044056,0.95790917,0.9568046,1.0027131,0.9271334,1.1769278,0.8537806
cell_0049,1.1211694,0.90264624,1.0580667,0.9187969,1.0888405,0.9665348,0.9305749,1.0918317,0.9829819,0.94099516,0.9341633,1.1396639,0.987261,1.0427372,1.0112845,1.1082197,0.9381842,0.90429765,1.0076237,1.0160283,1.158351,0.9745859
cell_0050,0.9147006,1.0451243,1.0394005,0.990769,0.98020357,1.0471016,1.0036242,0.75036496,1.0235854,1.0225838,1.0129871,1.0290802,0.9599063,0.89211655,1.0343108,0.95872515,0.9002976,1.0699445,1.0658342,1.1022032,1.0509728,1.121124
cell_0051,0.9809473,0.9418236,1.0098853,0.9828937,1.0608014,1.0453237,1.0759559,0.87873083,0.8837999,0.9424712,1.0056648,0.9993605,1.0213542,0.9928712,0.98190373,1.1339676,1.1047723,0.83984166,1.0143234,1.0957257,1.0613837,0.927087
cell_0052,0.985876,0.9368724,0.95526314,1.0035894,1.0846323,0.9280367,1.029003,1.0394578,1.1386229,0.91141915,0.98099893,0.93513113,1.0026336,1.039635,1.0970484,0.8500644,1.1361644,1.1196307,1.0088768,0.8680572,1.01502,0.9832129
cell_0053,0.98728156,0.8820565,1.049821,0.8977115,1.1260245,1.0042466,0.9266469,0.8068993,0.9023827,1.1089398,0.914634,0.92049026,1.15832,0.8687631,1.0889693,1.136131,0.9382696,0.9421449,1.0539578,0.9528429,1.1390721,1.0965816
cell_0054,1.069774,1.1064733,0.9293745,0.92031616,0.9956448,1.0438879,0.9804908,0.9728264,1.0587409,0.9929921,1.0636895,0.9560254,1.0932881,1.0914086,0.9745798,1.0678424,0.9720058,1.1879265,1.0029365,0.8841014,0.81738675,0.96856064
cell_0055,0.96293056,0.9955784,1.0328834,0.9640774,0.88388586,0.92044795,1.0381877,0.8806253,0.953745,0.9203948,1.0702666,0.98369247,0.89282805,1.0033189,1.0711775,1.0706549,0.95954305,0.9382274,1.0172596,1.0343248,1.2620381,1.0343792
cell_0056,1.0566359,1.06244,0.9709641,0.8960044,1.0911853,0.8883434,0.96446276,0.9285414,1.0236887,1.0619018,0.88728905,0.9287782,0.96501845,1.055193,1.0342714,1.0790181,0.9484202,0.9604452,1.0423489,1.0144887,1.0355743,0.9745335
cell_0057,0.95926243,0.95446056,0.9963823,0.9416242,0.9479125,0.936288,0.96868986,0.84310484,1.0573959,0.938807,0.9740397,1.0490959,0.8255639,1.0033823,0.9176618,1.0323122,0.9509759,0.8999248,1.0516757,1.224283,0.9512624,1.0624592
cell_0058,0.93067867,1.0569398,0.91939825,0.89843506,1.0029267,0.9533086,0.90904266,1.0161331,1.0457976,1.0293049,1.0084107,0.937454,0.9572622,1.0368395,1.0194038,1.1149457,1.0587943,0.95366067,0.9782079,1.143395,0.9219782,1.1907305
cell_0059,1.0496632,1.0401291,1.0179439,1.1475399,0.98002386,1.0084829,0.92178696,0.87062275,0.9846927,0.9919987,0.97820795,1.0029521,0.9508483,1.0532244,1.0591738,1.0442156,1.0026357,1.1393334,0.9400689,1.0207782,0.9686467,0.86934924
cell_0060,1.0135976,0.98985416,1.0336517,0.9631021,0.92373663,0.9207965,1.0537513,1.0731866,1.0220435,1.0793263,1.0409313,0.8910917,0.8999496,0.9315303,1.0734315,1.101061,0.9988455,1.0068725,0.9810397,0.96757996,0.75114685,1.0604627
cell_0061,0.979973,1.0274544,0.87713957,1.0104679,1.0719202,1.0613561,0.96381074,0.845396,0.9341159,1.0207453,1.0121623,0.9119394,1.1805677,1.0231589,1.1943454,1.0510703,1.0630063,0.9014413,1.027925,1.2026981,1.0894862,0.77771294
cell_0062,1.0004563,0.7700725,0.913879,0.9434454,1.033798,1.0203996,0.996671,1.0516372,0.8628388,0.99085444,0.98548514,1.0477803,0.8772701,0.85528713,1.0692259,1.1286443,0.98964834,1.1193527,1.1932505,0.981906,1.0401908,0.9092861
cell_0063,0.90913504,0.8903066,0.8514634,1.045026,1.0651762,1.1005862,0.9671395,0.978669,1.0669227,0.88846827,1.0105029,1.0338606,0.9741679,0.92945737,1.1610491,0.92129993,1.0216829,1.0125366,0.9924385,0.9460377,0.98524094,1.2720797
cell_0064,0.95262253,0.92869395,1.0279369,0.9472012,1.0683156,1.0469996,0.964141,1.0161667,0.9594588,1.084574,0.8832938,0.841509,0.97664535,1.0832962,1.0316844,1.0783472,1.0612769,1.1234008,0.89033604,0.8938181,1.0385941,0.93864036
cell_0065,0.9733788,0.9360302,1.0073211,1.0366056,0.9609405,1.0046111,1.0760925,1.054125,0.8784635,0.97916824,0.9725387,0.9727367,1.057204,0.86901826,0.91635346,1.0624589,1.1231178,0.96933156,1.101446,0.9922101,0.8580952,0.83603626
cell_0066,0.98475623,1.1425076,1.0544101,0.9006062,0.90658635,0.9666879,1.0394192,0.91117835,0.9548075,1.0251291,1.0064468,0.9149935,0.94379973,1.1039143,0.9753071,1.0371801,0.9521945,0.9889521,1.0152805,0.9062777,1.3238223,0.98518205
cell_0067,0.9625562,0.9246759,0.9665631,1.024998,0.9526674,0.9807477,1.1050324,1.1265557,0.952673,0.9335314,1.009203,1.0627257,1.0613685,0.9237312,1.0713739,0.9629128,0.98720205,1.2342206,1.1289116,0.8575202,1.0478386,0.88029826
cell_0068,0.8879347,0.9938573,1.0753919,0.93117046,1.0209852,0.98818094,1.0149096,1.0214471,0.97974515,1.0271302,1.0620717,1.0114778,0.98297477,0.9003608,0.9318894,0.9641886,0.98068553,1.0089307,1.0095922,1.2472638,0.7603023,0.8176709
cell_0069,0.948458,1.030647,0.8568059,1.0263642,1.0285997,0.9585872,0.9832572,1.0955344,1.0022115,1.0542947,0.87431395,0.95337313,1.0257287,0.94247437,1.0630376,0.9976127,0.99997145,1.0878352,1.0117413,0.9147355,1.1035372,1.0738834
cell_0070,0.91072625,1.058354,0.9131215,0.928791,1.0034779,0.9479644,0.9805436,0.9255831,1.0112001,0.8646342,1.1054163,1.0609728,1.078394,0.9127643,1.0717723,0.944189,1.0561072,1.176383,1.0130635,0.9287799,0.98256046,1.019561
cell_0071,1.0186343,1.0241567,0.913135,1.0714725,1.0003821,1.0661017,0.9346293,1.0401376,1.0048658,1.0755066,0.9716178,0.9004558,1.088675,0.9734327,1.0297546,1.0513668,1.0036496,1.028972,1.1013188,0.9037392,1.094424,1.0292999
cell_0072,1.0390263,1.0146203,1.0410616,0.9953595,1.0969498,1.0432025,1.0538762,0.9953968,1.1262637,0.921798,0.8735769,0.9517373,1.063016,0.95132476,0.8869404,1.0813692,0.8488359,1.0527421,0.93982786,1.079743,0.88525766,0.97222966
cell_0073,1.02982,0.9110094,1.1086063,1.0292466,0.9315312,0.89843774,1.0589887,1.2215301,0.9212043,0.94178134,0.88160294,1.0797,1.1704183,0.90730095,1.1026168,0.96591574,0.9361858,1.0334969,1.0259746,0.90393996,1.1154724,0.90005296
cell_0074,1.0238725,0.9535368,0.9166306,1.0727808,1.0377628,0.90856683,1.0133333,0.8749209,1.138934,1.0290333,1.012145,0.98409754,0.9827586,1.0482743,1.0201256,1.0057759,1.0515319,1.1542217,1.0374507,0.9647927,0.983427,0.96173275
cell_0075,0.90609217,1.0001856,1.0525244,1.0433275,0.9434689,1.0976093,1.0702832,0.9601479,0.939357,0.98692435,0.8917457,0.9422167,1.2380352,1.0078833,0.9417864,0.9841598,1.0438658,1.0477622,0.98138916,0.95723784,0.94695926,0.92923915
cell_0076,0.9974998,0.8968196,0.95005393,1.0990447,1.0507462,0.94191295,1.0276191,0.78036016,1.0516297,1.00093,1.0493437,1.0059901,1.0680499,1.0083907,1.1051419,0.9691172,0.9679344,0.85939324,0.94868326,1.1396627,0.90190345,1.0428162
cell_0077,1.0904359,0.94665897,0.9780261,0.9891511,0.9654211,0.9541219,0.9428201,0.94352496,1.1174945,1.0385083,1.0873666,0.8845611,1.0769076,0.8451982,0.92959243,0.9384339,0.97992176,0.9372152,0.9926539,0.9538921,1.2597649,0.8366023
cell_0078,0.9794931,0.9911785,1.099853,0.996504,0.9705422,0.92965066,0.973829,0.9550305,1.0358592,1.0252361,1.1904608,1.0251421,0.8905608,0.969505,0.75008094,0.99242204,0.89545053,1.0850824,1.0898193,1.0053498,1.1903471,0.966327
cell_0079,0.8875931,0.9582255,1.0038472,0.98112565,1.0358846,0.9644745,1.0273587,0.8344712,0.9676704,0.9012792,1.016283,1.0366966,0.86645824,0.82705003,1.0019766,0.9448296,1.1498235,0.9621691,1.133204,1.0850244,1.0192566,1.0851551
cell_0080,0.97348535,1.0302407,1.1017858,0.91441035,0.99887806,0.94685984,1.0606904,0.84915555,0.98768777,1.0123903,0.99131775,0.9761819,0.94182837,0.90966773,1.0110465,0.99414647,0.9447323,0.86197966,1.1460408,0.9566076,0.95363384,0.847472
cell_0081,1.0416393,0.97251374,0.940764,1.0172124,0.9188657,0.9554002,0.99593526,0.9782602,1.002659,0.99361813,0.96739167,1.132031,0.9885929,0.9568125,1.0093192,1.0013889,1.1068579,0.9949528,0.97844326,1.0506226,0.8345589,0.9104322
cell_0082,0.9640776,0.96246547,0.8860824,1.0030338,1.0855165,0.94613004,0.948839,1.0312424,1.0020951,0.945927,1.0234928,0.9988398,0.957984,1.1068643,1.068384,1.044844,1.0332736,0.9406427,1.0900018,1.1649947,0.977948,1.0169077
cell_0083,0.9838458,0.95070976,1.0433245,1.1180655,1.2095371,1.0862638,0.97810566,0.90077657,1.0421991,0.9801823,1.0812956,0.9238787,1.1215328,0.9998774,1.0690961,0.91021633,0.9579179,0.90451324,1.0233375,0.94266444,1.1737561,0.93594116
cell_0084,0.8846836,0.9985648,1.1471933,1.0392529,1.07935,1.0613511,0.9860614,1.1780561,1.013063,0.9614965,0.999583,1.0114411,0.8424042,1.0894496,1.0524718,0.9527818,0.96231145,1.0142547,1.0014224,0.87530273,1.1281023,1.1848733
cell_0085,0.9076406,1.0746604,1.0137274,0.9628873,0.9290825,0.92501855,1.0113298,0.9303128,0.96315646,1.0714613,1.0780772,0.9495254,1.0451827,1.04491,0.95105857,1.0570848,0.93430763,1.0765917,1.009869,1.027233,1.1896746,0.99767905
cell_0086,0.95656604,0.96867913,1.0989523,0.93283105,1.0026076,1.0504048,0.9826265,1.1363449,0.97777104,0.9833869,1.0142827,1.0022231,0.9660391,1.044297,0.97632766,1.0784351,1.0539463,0.98396814,1.0588489,0.99441814,1.1374125,1.0357244
cell_0087,1.0341884,1.0061339,0.9750933,1.0370626,1.0025136,0.98419297,0.9118484,1.0183487,0.89143366,1.0255574,1.1774092,1.0457655,0.86710256,0.92350996,1.0199099,0.9560298,1.1486512,1.0099269,0.94815785,0.9651893,0.90493155,1.0084317
cell_0088,0.97415817,1.1425701,0.93634874,1.0261971,0.9988035,1.0190606,1.0892226,1.045648,0.9455024,0.98896015,0.9384533,0.96577096,1.0593414,0.98311687,1.1765182,1.0090437,1.1007797,0.9280178,0.9835548,0.8851102,1.1508883,1.1496484
cell_0089,0.9809293,0.9923222,0.8672691,0.9652936,1.0343615,1.0216295,0.99540764,0.931143,0.9588978,1.0433483,1.0594627,0.9948243,0.8972612,1.000619,1.2054425,1.0590079,1.0729488,0.8827338,1.0433036,1.070004,1.057322,1.070902
cell_0090,1.0870652,1.1061918,0.90075105,0.89311814,1.0094147,0.88052344,0.9826934,1.0283158,0.83113694,1.0055648,0.9968554,1.0760616,1.079642,1.062146,1.014908,0.97681993,1.0213008,0.9697053,0.90214646,0.98566574,1.0568372,1.056826
cell_0091,1.0407321,1.0123258,1.0577879,1.0225605,0.98279685,1.0627494,0.9497209,0.82738966,1.0257914,1.033341,1.0812678,0.90301406,0.75620854,1.0005602,0.9113434,1.0663743,1.0064087,0.9954896,0.81851023,0.9696527,1.0470833,0.9113553
cell_0092,0.89801526,0.96577483,1.0285423,0.935227,1.0443462,0.9755861,1.1195512,1.0403966,1.0287845,1.0044254,0.86010706,1.0268563,1.0711828,0.98965496,0.9559567,0.8679063,1.124323,1.1021364,0.95582753,0.8615755,0.91950977,0.92250955
cell_0093,0.9720629,1.0111539,0.8746011,1.0167507,1.1357249,0.9047541,1.0233033,1.046027,0.83273613,0.9840852,0.91447663,0.93787694,1.1303337,0.9416894,1.0558319,1.1210996,0.9182763,1.1634935,0.98217,0.96516854,1.1058253,0.9796116
cell_0094,1.0061928,1.0097739,0.91427255,0.9679822,1.0657463,0.99609363,1.0457046,0.8522887,1.0218624,0.9813628,0.99351776,0.99437356,1.1792425,0.94658643,1.0285844,1.1172045,1.0278847,1.0306047,0.95239455,1.018865,0.96177447,0.9855985
cell_0095,1.0520221,1.0330583,1.0071901,1.0177377,0.85581136,0.98350084,0.9636835,0.94838476,1.0873185,1.0584565,0.8385182,1.013635,1.0896151,0.91112226,0.9709194,1.0085669,1.0769606,0.87802273,0.9956595,1.090472,1.0104662,1.2921038
cell_0096,1.0325878,1.0139177,1.0799284,0.92307216,1.0241115,1.0244988,0.9823036,0.85642534,0.9513832,0.919762,1.0222614,1.023581,0.9633104,1.086789,1.0730608,0.891908,1.0591989,1.0094975,1.0082122,0.9488926,0.9539969,1.0104111
cell_0097,0.94840044,0.93981344,0.8865693,1.0008221,1.0624642,1.0491807,0.953655,1.1237717,0.8160782,0.90953904,1.1377711,0.9955108,0.8420363,0.9373148,0.95272136,1.1732233,1.0844132,1.031742,0.9803834,0.7930716,1.1766982,1.1512456
cell_0098,1.0255524,0.98971665,1.0464244,0.9942061,1.10014,1.1205369,1.0240046,0.9106984,1.0114866,1.0158476,0.9526091,1.029878,1.1023635,0.9756106,1.0291942,0.994341,0.9667522,1.0685797,0.992835,1.0037755,1.0681409,1.0903887
cell_0099,1.0097378,0.9447569,1.0425813,0.9491593,1.0121295,0.94276315,0.95890695,1.0586288,1.0383823,1.0570241,0.90835166,0.9278844,1.0903926,1.0438454,0.9851904,1.0466402,1.1147126,1.057167,1.0280056,1.1163614,1.0826753,1.0549183
cell_0100,1.0443308,0.99859333,1.0401205,0.9800162,1.0641012,0.9350605,1.0358356,1.0589778,0.95078105,0.9512394,1.0232561,0.92890567,1.1186011,0.943466,0.8352165,1.1955347,1.042329,1.0393447,1.034385,1.0709555,1.1338966,1.0565584
cell_0101,1.0059953,1.0025526,0.9925025,1.0316343,1.103279,0.9315833,1.0161052,0.90816337,1.0400553,1.0211228,0.96917844,1.0186371,0.99306643,1.1719564,1.0596325,0.986469,0.9483786,1.0136545,1.0292349,0.9668178,1.1813552,0.86473054
cell_0102,1.0562435,0.8631503,1.0307963,0.8868113,1.0069283,0.9776512,1.0205852,0.98352844,1.0577552,0.9457783,1.1205009,0.88181126,0.93965614,1.0977051,0.99005836,1.113359,0.9370488,0.9025565,1.0396354,0.99725527,0.87434345,1.1220561
cell_0103,1.1020617,1.03323,1.0464661,1.0590074,0.93674684,1.1516984,0.9123212,1.0191944,0.8898978,1.0020022,0.9499637,1.1053323,0.9123972,0.8981639,0.8554873,1.0419422,0.862823,0.96032405,0.91552675,0.81661546,0.9044056,0.99268275
cell_0104,1.0748765,1.0548588,0.94720495,0.83873963,0.94808495,0.9646171,1.0518725,1.152749,1.0409237,1.0468619,0.96624166,1.052311,1.0111141,0.99523616,1.0745921,1.0664902,0.9962696,0.9729773,0.9793988,0.97997046,1.1380935,0.8974321
cell_0105,1.0260445,1.0753542,0.93957436,0.9939593,1.0419394,1.0163532,0.8975192,1.0926143,0.8918016,1.0297648,1.0672879,0.9693849,1.05071,1.1954277,0.8773685,0.90680486,0.81637883,0.9632916,0.98490965,1.0305761,0.9933794,0.9291997
cell_0106,0.9943105,0.95606285,0.97793776,1.0813562,1.0073018,0.9491587,1.107809,1.114692,1.0622326,0.97636336,0.927381,0.91126037,1.0169647,1.1383938,1.0308808,1.0340173,0.9874545,1.1545357,1.0016732,0.86971325,0.8311963,0.9495647
cell_0107,1.0256908,1.0055825,1.0088513,1.0329475,1.0033529,1.0959712,0.94774556,0.9241174,1.0181047,0.99566776,1.000493,1.0112522,0.9611464,0.9991806,0.900328,1.0921264,0.92783034,1.0728737,0.98029274,0.972492,1.0019219,1.0859537
cell_0108,0.98174256,0.94716287,0.9896448,0.98309314,0.9177878,0.97463065,1.0676305,1.0542915,1.0359174,1.0047104,0.9925836,1.1071901,1.0675887,1.0709696,0.90438765,0.9987459,0.902124,1.0581166,1.0858004,0.99664533,1.1595975,1.0775266
cell_0109,0.9299983,0.84141225,0.99325556,1.0588386,1.0984473,0.9211856,0.9759566,1.0999964,1.0215247,1.0162268,0.99314713,1.0546788,0.83744603,1.0188061,1.0771171,0.9653953,0.9419854,0.978062,1.0833501,0.9875277,0.86048335,0.73214436
cell_0110,0.9944827,1.0165838,1.011871,1.1034077,0.97774696,0.9827492,0.96136886,1.0651785,1.019669,1.0034571,0.87866306,1.0842614,1.1003196,1.0665582,1.0421505,0.9294598,1.0135782,1.0569532,0.92917526,1.056107,1.1139948,0.89147586
cell_0111,1.0677186,0.8191616,0.95350116,1.0091131,1.0018315,1.0419608,0.84884727,1.0666196,0.9976815,1.0537612,0.9777132,0.9334086,0.933734,0.97820145,1.0843215,0.9869743,0.9997188,1.0790032,0.9636877,1.1574274,1.0716662,1.0542706
cell_0112,0.9632466,0.9941701,1.0001718,1.0696821,0.97372955,1.0323707,0.99809897,1.1563468,1.025319,0.9695186,1.0742087,0.96634984,1.066734,0.94379246,1.18925,0.9244053,1.0145644,1.0783004,0.9518514,0.9177178,0.9629991,1.10522
cell_0113,1.0044589,0.9341335,1.0954121,0.9716502,0.9431951,1.0773543,1.0210108,1.0399652,0.9955439,0.97544473,0.9067269,1.0266386,0.9326818,1.0471703,1.0402344,0.98058784,0.9394522,1.015996,0.98721844,1.0106982,1.1153662,1.0578578
cell_0114,0.98667806,0.9502016,0.96404856,0.9800711,1.0623295,1.1092665,0.9873847,1.1077838,0.918548,1.0038728,1.1518873,0.98426676,0.92092955,0.9598766,0.9846278,1.0233277,1.0146672,1.0719186,1.112228,0.97416186,1.1484238,1.2376838
cell_0115,0.98534805,1.0193933,0.95258874,1.1318852,0.9967598,1.01607,1.0122223,0.94970983,0.91166157,1.0029359,0.93119514,1.1074841,1.0956762,0.9956015,0.94517124,0.9335895,0.93761146,1.0284235,0.92207646,0.99903196,0.9818563,0.99756485
cell_0116,0.9976385,0.974995,1.0697422,1.1947467,0.9685495,0.96211463,0.9323047,0.99914783,0.89258575,1.142123,0.91490704,1.0166845,0.79199296,0.9980168,0.92527765,0.9055626,1.2234023,0.94493973,0.99724525,0.94707435,1.0330342,0.9476931
cell_0117,0.98444974,0.94082767,1.0393066,0.9758412,1.0410725,0.8737668,0.88591105,0.7614219,1.0730795,0.9382975,1.0726774,1.0742123,1.1174151,0.86644036,1.0970733,0.87703246,0.958462,0.99127966,1.007315,1.1422487,0.99599683,1.1077491
cell_0118,1.0468404,1.0378678,1.0456305,1.0633502,0.9520199,0.8927475,0.9653174,1.0653801,1.0415789,0.9687694,1.0777552,0.90838194,1.0503209,0.87272555,0.9972151,0.9891722,0.8283216,1.0965935,0.87777865,1.0510572,1.0582356,1.1176761
cell_0119,1.0056117,0.9884066,1.0474348,0.9898737,0.9488814,1.0191158,1.0320711,0.8405268,0.9379332,1.0124317,1.0648689,1.0262017,0.92055064,0.91834277,0.7664577,0.9811001,1.0458909,0.95868266,1.0659041,1.1229774,0.8544806,1.1470433
cell_0120,1.0024706,1.0906383,1.0499737,0.95057917,1.1156644,1.0239732,0.940488,0.9862248,0.95304084,1.0071383,1.0243117,0.96426636,1.0942745,1.047689,1.008033,1.018337,0.9806126,0.9336712,0.9245018,1.0068798,0.7843999,1.0249277
cell_0121,1.0247296,1.0535685,1.071324,0.96670187,1.0181948,0.9738845,1.0281918,1.139363,0.93708223,1.0429631,0.92883193,1.0410551,1.0417459,0.9809026,1.1450263,0.87479645,0.89360243,0.77617943,1.0114466,0.9385076,0.91871643,0.8400708
cell_0122,1.0332797,1.0755289,0.9799352,0.9565287,1.0245594,1.1044018,0.9616645,0.9584488,0.87311006,0.9165873,1.0957772,0.88651544,1.1617386,0.96677494,0.8009011,0.92941463,1.052142,1.1196008,0.99429965,1.1359528,0.8570174,1.0479008
cell_0123,1.0678253,1.0169686,0.93547523,1.0082726,1.050528,0.9971326,0.9568188,1.3654867,0.9454094,1.0040722,1.0090332,0.9752134,1.0828357,1.0609732,0.88292193,0.80649036,1.0758615,1.0538422,0.89908665,1.0290185,1.0504953,1.1298068
cell_0124,1.0248841,1.0242269,0.9946235,1.0368018,0.96351016,1.1172972,0.95200056,0.9464127,0.99187446,0.9517769,0.9971742,1.0134462,1.0983123,0.8130123,1.048506,1.0244023,1.0713141,1.0957001,0.943147,0.91224444,0.93154997,1.1437403
cell_0125,1.0030302,1.1061321,1.0005448,0.94691485,1.090195,1.0167371,0.99966395,0.9082331,1.0711068,1.0099202,1.065697,0.94672644,1.073586,1.067635,0.90609574,0.8398635,0.9528741,0.96760875,0.95231354,0.97213346,0.94508976,0.95648736
cell_0126,0.9973459,0.9138053,1.0052818,1.0418749,1.0397755,1.0098244,0.93344176,0.8020396,0.8378086,0.9091118,1.0259331,1.0381445,0.94018775,0.9434676,1.0703816,1.0561575,1.053042,0.96211344,0.8946466,0.8223216,1.0457108,0.95789146
cell_0127,0.98502636,0.9772625,0.9498616,1.0543332,0.9039266,1.0574168,0.9848076,1.1678634,0.9615162,0.9970954,1.0681992,1.0863298,0.9663136,0.9275988,0.97143334,1.0662351,0.89814305,1.0269156,1.027429,1.004079,1.0643959,1.2125139
cell_0128,1.0255386,0.9916881,1.1187211,0.8016171,0.9759099,1.0612209,0.9957268,0.94143987,1.0334797,1.0361433,0.9258869,0.9460713,0.947459,0.87795955,1.0975738,1.0620215,1.0899047,0.80051,0.95399415,0.88727134,0.9654111,0.86749536
cell_0129,0.95166576,1.0072491,1.0297086,1.039765,0.9486815,1.0775598,0.88789177,0.7845361,0.9594478,1.0546635,0.9621049,0.9469348,0.96566075,0.8521507,0.9650843,0.9574407,1.071928,0.8209742,1.1472994,1.0754255,0.88008976,1.0141699
cell_0130,1.0211332,1.0562814,0.9514128,0.94504666,1.0329462,0.89761627,0.9061719,0.89486134,1.169289,0.99415815,1.0161806,1.0111737,0.87768525,1.0952566,1.0354847,1.099705,1.0713006,1.0002469,1.0438656,1.0971748,0.96537477,0.9732103
cell_0131,0.98006994,0.94706386,0.99405247,1.1329598,0.9718222,0.95272297,1.0614985,1.0036073,0.9199115,1.031906,0.85504556,1.0874445,0.90941906,0.97487193,0.9761827,1.1057357,1.0509458,1.0753243,1.077633,1.0412016,0.95108634,0.9107367
cell_0132,1.0287021,0.9881451,0.83947784,0.95092744,0.9601613,1.0047848,0.925443,1.0935361,1.0982809,1.0141876,0.980675,1.047991,0.82750165,1.0029902,1.1640693,1.0039961,1.0342647,0.95805675,0.99511606,0.94283134,1.0871955,1.0583858
cell_0133,1.0269088,0.94984734,1.0858452,0.87779295,0.9395747,1.0823327,0.944166,0.8935792,1.0763755,0.9349093,1.0040696,1.0578737,1.04658,1.0643436,0.9975925,0.9928329,1.0146171,1.0041463,0.8826064,1.0561935,1.0193979,0.91619974
cell_0134,1.0124456,1.0522189,1.0062246,1.0392743,0.95801646,0.7891094,1.0583022,1.0161766,0.91010505,0.98682237,0.9918758,0.9788022,1.0245874,1.008581,1.0204936,0.9906123,1.0077901,0.94798213,0.9422343,1.0026083,0.90044755,0.85506654
cell_0135,1.0100178,0.9914305,1.1119686,0.9740773,1.0192027,1.0513906,0.98113155,1.003377,0.9525743,1.0323147,0.84365284,1.022313,1.0318923,1.0717945,1.0634911,1.0240675,1.0492476,1.0371766,1.0078481,1.1844534,0.8655641,1.0903735
cell_0136,0.91672593,0.9755801,1.0190842,0.93748003,0.91673166,0.88561517,1.0390378,1.1147985,1.1645176,1.034339,1.1063782,0.93312174,1.0048758,0.95890313,0.90956813,0.8344704,1.0634385,1.0285301,0.98272747,0.9898021,1.0064508,0.9935924
cell_0137,1.0272174,1.0507765,0.8689308,1.055388,0.9839884,1.1174753,1.0207627,0.7882617,0.9664991,1.0246177,0.9690154,1.0619295,1.1528713,0.9362824,0.98076993,0.9624896,0.9232081,0.8622303,0.9866019,0.84827733,1.0208898,1.0095776
cell_0138,1.1115774,1.0350323,1.0733308,0.99446434,0.82603234,0.99760056,1.0213563,0.94267845,1.0082406,1.0001627,1.1155546,1.0496336,0.87193847,0.9947909,1.035103,0.9384665,0.9927611,0.9115869,1.1264004,0.9890863,0.72175086,0.8814604
cell_0139,0.97470635,1.0241605,1.002987,0.89091986,0.98969233,1.019524,0.9902163,1.1025114,1.0372546,0.9478186,0.9996,0.8668244,1.0615513,1.1177138,1.14359,1.0078399,1.0128042,0.93230975,0.99175787,0.9804737,1.110169,1.0382637
cell_0140,0.942337,1.0332276,1.1100765,0.9258718,0.944353,0.9673498,0.9496782,0.96338487,0.9954061,0.9535847,1.0788198,0.93831134,1.0174551,0.8082304,0.90287566,1.0339396,0.8760662,1.1351334,0.9689561,0.9643259,1.1371597,1.1165252
cell_0141,1.0345063,0.9592481,1.0304334,0.98559207,0.92332715,1.0557904,0.987734,0.8905249,0.9461074,0.9889381,0.9765903,1.0642085,1.0244516,1.0316485,0.86227274,1.009943,1.0014857,0.95980465,1.0006188,1.0066515,0.9686984,1.1159523
cell_0142,1.0512564,0.9958856,0.90183264,1.0602658,1.0461943,1.0932705,1.0539747,1.1242697,0.9664552,0.9983577,1.0709376,0.9464816,0.9488486,0.72102463,0.95881975,1.0358384,1.0100757,0.99763405,1.0474445,0.969421,0.9322751,0.8255398
cell_0143,1.0624675,0.9742093,0.8256342,0.9305243,1.1017008,0.99919826,0.93792635,1.0201395,1.0910386,1.0655677,0.9301733,0.9817788,1.0318326,0.9727872,0.880549,0.95949155,1.2347815,0.8657903,1.0131356,0.89915323,1.0011002,1.0388418
cell_0144,0.8744854,0.882153,1.0478389,0.90962726,0.97009903,1.0000465,1.129572,0.9231877,1.0553927,1.0305918,0.97930104,0.90672493,1.1695751,1.1789455,0.82859594,1.1478356,1.0742507,0.9349694,0.86516154,0.8584509,1.0800254,1.0981771
cell_0145,0.95116276,1.0357286,1.0682209,0.9873944,1.0885723,0.87728983,0.97631854,0.8274402,1.0754954,0.9295004,0.9050616,0.9460712,1.0717444,0.9954543,0.9606023,0.92366004,1.0897714,0.91607314,0.9835473,1.0257915,1.0767819,1.1348785
cell_0146,0.9837643,0.922727,0.9250838,1.0291368,1.0345747,1.0358585,0.97610027,0.92523134,1.0114615,1.0886931,0.86384135,1.0254762,1.1085825,0.93124795,0.9345161,0.9864932,0.9159725,1.1267551,1.102338,1.0669639,0.82861537,0.97541755
cell_0147,1.0048518,1.045113,0.91396105,1.0204144,0.89894676,1.0174398,1.0747087,0.93919533,0.99055135,0.9830833,1.0613374,1.0085025,1.0014722,1.116075,1.0048534,0.96805036,1.0969167,1.0255424,0.88470346,0.79332733,1.1481881,0.8850968
cell_0148,1.0225552,1.0656667,1.0054889,1.10194,0.9903394,0.9790113,0.95392793,1.0259529,0.97920287,0.9065274,0.98473495,1.0180877,1.0424238,0.8990822,1.0789515,0.9414846,0.9680244,1.0199115,1.1690234,1.0385972,0.89144963,0.85359764
cell_0149,0.9465576,1.0629011,1.0213019,1.026545,1.0050647,1.0735079,0.9767689,0.93636626,1.0230339,0.8721019,1.0328131,0.97950757,0.94877356,1.1068125,1.0822988,0.98634744,1.1035094,0.89497733,1.0791198,0.96767825,1.0339342,0.9910952
cell_0150,0.929725,0.9225277,0.9934988,0.96673554,1.0232604,0.92911756,1.0208174,1.036488,0.95369667,0.9555413,1.007592,0.9086211,1.1998171,0.9321946,0.8810457,1.0601522,1.0942695,0.9333067,0.97346574,0.98504716,0.8481316,1.0333008
cell_0151,0.9927916,0.91546744,0.9291936,0.85176075,1.0786129,0.81849456,1.160742,1.0032302,1.0688403,1.0683197,0.91598636,0.98792964,1.0753888,1.0363338,0.93405277,1.0764562,0.98284125,0.73644394,0.94445646,1.0300062,0.97993934,0.9902052
cell_0152,1.0314021,0.9805783,0.89154094,0.9540746,0.9942763,0.9903347,0.98134476,1.0665493,1.0010383,0.9853725,0.9774628,1.0469974,1.1240276,0.9731801,0.94983065,0.8260711,0.9010003,1.0660777,0.9588076,0.9244747,1.0378859,1.014348
cell_0153,1.0025685,0.9913206,0.9327284,0.9577503,0.9737339,1.0053345,0.9930087,1.100674,1.0030657,0.97809905,0.936743,1.0029774,0.9287267,1.1887896,0.902249,0.9307876,1.0019878,0.8819165,0.914648,1.0801532,1.1393386,0.88640136
cell_0154,0.9528153,1.0330143,1.0141902,0.9985989,1.008789,1.0106031,1.0615146,0.90082055,1.0548198,1.0120333,1.0403254,1.0037729,1.1426648,0.94153434,0.7764832,1.0845225,1.0388821,0.93160903,1.0478822,1.1427864,1.1213583,0.83042866
cell_0155,0.88588077,1.138034,0.94922936,1.0498085,0.9591685,1.0766531,0.9638429,0.882133,1.0782317,1.0570203,0.9166602,1.0451287,0.9502286,0.8726205,0.97455025,1.0494621,1.0407453,0.93698484,0.967729,1.1383711,0.97869545,1.1104441
cell_0156,0.90976554,1.095336,0.9003777,0.9581364,1.0232577,1.2229664,0.9862339,1.1391534,0.9350663,0.99204504,0.99948514,1.029828,0.95650506,0.91548467,0.87655795,0.9526113,0.9329456,1.1071756,0.9412927,0.9664911,1.0567342,1.1633339
cell_0157,0.9439415,1.0564389,0.8531295,0.9683131,1.1706113,1.1379507,1.019027,0.9812246,0.89402497,0.9807631,1.0115615,0.9526785,0.9788458,0.7970295,1.1371689,1.0970802,1.0461235,1.1599054,0.9542918,1.1210732,1.076854,1.0310054
cell_0158,0.96549654,0.9407612,1.0769142,0.9562181,0.98446184,0.95323807,0.9787619,0.98145866,0.81841284,0.98896223,0.9766981,0.95736665,0.9247415,1.0633548,1.0693239,1.06935,1.0273123,1.0944918,1.0900406,0.9864302,1.0898379,1.0660083
cell_0159,1.0322847,1.0291784,1.0198673,0.9963831,0.95893073,0.9813496,0.97522366,1.1032966,1.0148308,1.0885264,1.0671595,1.0041206,0.9788504,1.1651028,1.0350499,0.95988584,0.96121097,1.0668666,0.9302485,0.9737228,1.1047944,0.94595087
cell_0160,1.0803487,0.99496406,0.98724574,1.13689,0.9125974,0.91568244,0.93690354,0.8839145,0.99293196,1.0999582,1.0336714,0.96389383,0.9274156,1.1270282,0.9417794,0.8879627,1.0406255,0.9186426,1.017031,0.9868861,1.1051896,0.9326176
cell_0161,0.98157763,1.0079815,1.0799772,1.0670357,0.9219523,0.9989297,1.0796648,1.0465417,0.9018843,0.93854094,1.039578,1.083821,0.9569624,0.9907621,1.1438986,1.0315208,1.0446724,0.80777013,1.0818745,0.9484177,0.9148605,0.92548853
cell_0162,0.9246081,1.0389186,1.0245693,0.9631041,1.0229609,0.9964575,1.0721185,0.64165586,0.8858652,1.0487157,0.90096897,0.9408673,1.0243832,0.9538325,1.0906509,1.0412135,1.0709914,0.8802756,0.84620565,1.1341358,1.1679108,1.0741606
cell_0163,0.9518765,0.8366161,1.2106448,0.99242765,1.0076303,1.0248262,0.9159308,1.0673554,1.0368351,1.0412469,0.96508723,1.0075334,0.80451435,1.0245439,0.99251634,1.061823,0.9824514,0.965095,1.0460227,0.92128056,0.798045,1.2020078
cell_0164,1.1664616,1.0332263,1.1720966,0.9005554,1.0092041,1.0998574,0.8784805,1.0053358,1.1213701,0.992994,0.8855767,0.97109723,0.9206395,0.9235524,0.9287389,0.9327217,1.0609148,0.90195435,0.9524086,0.8800846,1.1895958,1.1414307
cell_0165,0.9490707,0.9787991,0.9663305,0.83224773,1.0164052,1.0341747,1.0154513,1.0771,1.0255939,0.9708747,1.1103843,1.034616,1.0667348,1.0375865,0.97231203,1.014426,0.9277479,1.0034825,1.1140374,1.0742601,1.1281039,0.9030005
cell_0166,0.9899185,1.0728718,0.92897314,0.90960485,0.9299148,1.0779915,0.92836714,0.8298355,0.9145985,0.93676865,1.075994,0.9662438,1.1213477,1.0493871,0.9832892,1.0080153,1.0894926,1.1022172,0.9705568,0.95260715,0.8697826,0.87801623
cell_0167,1.041927,0.9244621,1.072188,1.0595281,1.0426432,1.0773466,1.0433342,0.8386659,1.0074159,0.9667492,0.8761766,0.97475266,1.0842401,0.94237334,0.9364317,0.971975,1.096172,1.015806,1.0528687,1.0648471,1.0065222,0.9422728
cell_0168,1.019318,1.0153589,0.91326535,0.9665697,0.9696672,1.084407,1.0609196,0.90957916,0.96810853,1.0137211,0.97521454,0.9239186,0.99118143,0.9244273,0.96077394,0.9927689,0.981077,0.9704388,0.95618063,0.90216976,0.97357416,1.0733662
cell_0169,1.0149765,1.1451985,0.957727,0.89373773,0.97673327,1.0203711,1.0592946,0.8315766,0.86311114,0.9888885,1.0368223,0.9936852,1.1281693,1.0817655,1.0511435,1.145391,1.2229369,1.0357252,0.97399,0.91113514,0.87315553,0.8391278
cell_0170,1.0385834,0.89996725,1.0033458,0.9271935,1.0708888,1.0794865,1.0254163,0.9019822,1.0390674,1.0398154,0.99845713,1.0160671,0.8779889,1.0412734,1.0350363,0.97176296,0.98687905,1.0196807,0.9945787,1.0949739,1.0063888,0.91289324
cell_0171,0.987998,1.034925,0.9300628,1.0353893,0.93238324,1.0774583,0.99842715,0.8703409,0.9257827,0.96721214,1.0554918,0.98284894,0.82897717,1.0775095,0.9568366,0.97577214,0.9051379,1.0378447,0.9304305,1.0120997,0.7722701,1.1428375
cell_0172,0.97206247,1.0142902,1.0737401,1.0800675,0.983057,0.92778784,0.9746535,1.0650489,0.94148856,1.0679958,1.0626036,0.9874147,0.98150975,1.0027335,0.9749643,0.93471897,0.91652775,0.929995,1.0081707,1.0667728,1.1228064,1.1007438
cell_0173,1.077472,1.0462606,0.9215174,1.0743673,0.97179717,1.019603,0.9859803,1.1147834,1.0017129,1.0598345,0.938887,0.87482697,1.1820344,0.9040744,1.0402632,0.98388886,1.038482,1.006042,0.9500086,0.81823653,0.7867095,0.7695091
cell_0174,1.0640476,1.0335202,0.8762484,1.1286685,0.95367104,1.0264931,0.94697624,1.0442433,0.88039756,0.99340004,1.0264987,0.9833631,1.1330698,1.0012424,1.1863948,0.87188065,0.89876837,0.93081164,1.0224682,0.967219,0.81688637,1.0524406
cell_0175,1.0542898,1.0804563,0.9607195,1.0344933,0.9987835,0.9503245,0.9883064,0.9325795,0.92239183,1.0217174,0.9884001,1.0110025,0.9983063,1.0126601,1.123764,0.9875872,0.97217095,1.024607,1.0232519,0.89491,1.0185168,0.9257251
cell_0176,0.9410554,1.0550286,1.0773718,0.9700222,0.8579444,0.964262,1.0355384,1.0632668,0.9185257,0.9642131,1.0424849,0.956828,0.9946323,0.95638496,1.0446428,0.9248338,0.8910174,0.9562636,1.0984488,0.9167171,0.8708893,0.9704562
cell_0177,1.0102422,1.0069855,0.9535407,1.0344298,1.0146923,1.0068672,0.91430444,0.98700655,0.8832566,1.0810668,1.0424519,0.90470207,0.957096,0.9758025,0.85883707,1.0022329,1.0705805,1.0725203,0.9286786,1.1646081,1.030844,1.0034418
cell_0178,1.1093148,1.0228842,1.0241728,0.9331037,1.0829974,0.9231191,0.9621956,0.9845915,1.0433087,0.95564055,0.8465035,1.0934557,1.0110077,1.058325,1.0614933,0.98593324,0.8450633,0.8469782,0.98296934,0.92513394,0.93737334,0.98580474
cell_0179,0.918721,1.0157294,1.0630896,1.119759,0.88583696,1.0386312,1.0847903,0.8803351,1.025939,0.98835635,1.0433028,1.02272,1.0280844,0.998001,1.0218173,1.0523796,0.9811896,0.9789604,0.9230252,0.9691359,0.9181181,1.0255624
cell_0180,0.8824436,1.0106679,1.0579876,1.0749385,0.959192,0.99365675,1.0703049,1.0345881,1.0402068,1.0124663,1.0325571,0.93836397,1.0574834,1.038069,1.032488,0.8711924,1.036153,0.87799406,0.96554524,1.0785296,0.84900254,0.9743848
cell_0181,0.9681716,0.96158314,1.060888,1.0016882,0.98253864,1.0145084,0.9056851,1.0401003,1.1257384,0.9633588,0.95538485,0.92922807,1.1041226,0.9101014,1.1277937,0.94519085,1.1427283,1.0027328,1.048398,1.1560364,1.0722033,0.8751647
cell_0182,0.9438975,1.062535,0.92124325,1.0231228,0.9575227,0.94042087,1.005344,0.9488749,0.954735,1.0758692,1.023148,1.04742,0.84938717,0.89243495,1.0214555,1.0072308,1.0262194,0.9266654,1.0312196,0.8647278,0.9681576,0.88144135
cell_0183,1.010142,1.0108441,0.90947276,0.8483763,1.0225322,1.182228,0.97210455,0.87888175,1.0307236,1.0260203,0.99443305,1.0012197,0.9505938,1.0634218,0.917715,0.94778085,1.0015436,0.89225566,0.9512665,0.95750386,0.76979166,0.9362414
cell_0184,0.97535956,1.0681642,1.0235579,1.002617,0.8941211,1.0539504,0.99014395,1.1386839,1.0559343,0.90630597,1.0365394,0.8550891,0.96899915,1.0149145,1.0580853,0.9841077,0.88158613,1.0057842,0.9498862,1.0402699,1.1098253,0.8447485
cell_0185,0.91309136,0.96408033,0.95374596,1.0076188,0.78337944,0.93995094,1.0659779,1.0504779,1.0672686,1.0471568,0.9188051,0.9668527,0.97543275,1.178528,1.070878,0.9652556,0.8947334,1.0356212,0.9066851,0.95477974,1.1147727,0.86123294
cell_0186,0.9519776,0.9600907,0.9367518,0.8866488,0.99762666,1.0638458,1.003945,0.84212786,1.0126354,0.9792495,1.0977485,0.9798907,1.2854942,0.9067787,0.78388137,0.97321326,0.9537467,0.9469762,1.1306773,0.9074116,1.1387322,1.2191969
cell_0187,1.0366861,1.0035695,1.114628,1.0157367,1.0184022,0.9952477,0.9472677,1.1452574,0.94945747,1.0403514,0.9083098,1.0353956,1.092885,0.9660315,0.89835894,0.9787845,0.9835884,0.9975032,1.1305895,1.0184157,0.8945199,0.89708346
cell_0188,0.9712278,1.1663364,0.9300643,0.8802976,0.98866785,0.89561653,1.0584829,0.9838677,1.0236812,1.0451742,1.0291853,0.95328933,0.9557943,1.1327096,1.0524182,1.0863204,0.9647984,0.85754275,0.97141725,0.90819615,0.98282343,1.0141098
cell_0189,0.9983716,1.0195426,1.0995766,0.9525613,0.99202377,0.99532396,0.8607943,1.0078505,1.0469172,1.0884068,0.9915655,0.9529483,1.0644857,1.0645738,1.076207,1.1187304,0.9590915,1.0920029,0.94430536,0.9123777,1.0720518,1.1269583
cell_0190,0.9030736,0.94937944,1.117853,1.0394523,1.0029707,1.0957695,0.97022605,1.2062676,0.9775579,0.9649101,0.93902814,1.013169,0.99441963,1.0209155,1.0140862,1.054245,0.9508709,1.0366445,1.0810279,1.0271028,0.96662205,1.1089038
cell_0191,0.97454035,0.9247398,0.98416394,0.94338244,0.9994897,0.93851054,0.95808685,1.0102141,0.9674419,1.0621367,0.98164177,0.9952916,1.0343018,1.0197539,1.0671349,0.9832213,1.0265579,1.0024148,1.1497641,1.1127142,1.1343863,0.95642483
cell_0192,0.9879822,0.9856305,0.8700367,1.0700973,0.9009186,1.0347677,0.99781156,1.0773176,1.0100584,0.87142956,0.96743697,1.0376266,1.0277177,0.9774999,0.93125176,1.0298418,1.0703845,1.0697792,0.9062133,0.97511536,0.832937,1.0347803
cell_0193,1.0452342,0.9288969,1.0196205,1.13372,1.1825335,1.0444666,1.0519111,1.1189458,0.9823593,1.0253145,0.9832033,0.8823926,1.0783248,1.008176,0.98963964,1.0297918,0.86828834,0.9181695,0.92625755,0.8952994,1.0605707,1.1012998
cell_0194,1.0125049,0.9816879,1.0143685,0.9594489,0.9651112,0.9450284,0.96403456,0.9930635,0.9755841,1.040087,0.9502023,0.91909105,1.0616481,0.9193974,0.8877275,1.010839,0.97800195,1.171883,1.024232,1.1046194,1.1305077,1.1100204
cell_0195,0.99448043,1.0967995,0.9810994,1.0627464,0.9964017,0.98551387,1.0065898,0.81880736,1.0280079,0.9307123,1.1314453,0.9837716,1.0602046,0.95546746,1.0512865,1.0503114,0.97809327,1.1003606,0.9970646,1.0467173,1.0895022,0.92894745
cell_0196,0.9934081,0.9424432,0.93249756,0.96078014,1.0066147,0.9930195,1.0925783,1.0315943,0.98582536,1.0284901,0.94635063,1.0924256,0.94603914,0.92223334,1.0477309,0.9232054,0.9586233,0.9123393,0.980615,1.0013878,0.899633,0.94688725
cell_0197,1.0194813,0.9804908,0.9333963,0.97302437,1.1480173,0.96779203,1.1090045,1.2513762,1.0185553,0.9799405,1.0101004,0.9775423,1.0155121,0.9466433,1.04207,1.0228605,0.9984387,1.0554081,0.93762034,0.84750587,1.0387193,0.93544483
cell_0198,0.87581456,1.031576,0.99423546,1.050942,0.88237405,1.1151772,1.0827445,0.9276218,1.1017935,0.98113126,1.1290363,0.9793043,1.0521936,0.9760489,0.964608,0.982113,0.90764195,0.90410936,0.83876336,0.76861894,1.1974155,1.010094
cell_0199,0.95281434,0.9309705,1.1556286,0.98753,0.99862343,1.1566004,1.0233806,1.0948712,0.9165634,0.91231996,1.025313,0.9966174,1.1379031,0.8822807,1.0194896,0.9177224,1.0152818,0.95520145,1.0583085,1.2713646,1.1368768,0.9368738
cell_0200,0.95696163,1.0148147,0.89652234,0.91419476,0.84225446,0.9059283,1.5883622,3.8908362,0.82982224,0.354666,0.9588299,0.8548099,1.0430402,0.8033263,0.9788263,0.9070411,0.79052114,0.9450424,0.84119076,0.9960029,0.9687852,0.86319625
cell_0201,0.92792803,0.8757064,0.93871593,0.9547573,0.8477534,0.95155746,1.8627753,3.5304391,0.93557036,0.32358912,0.85131055,0.88643956,0.8866487,0.96840286,0.86668414,0.8908577,0.9120989,0.82203966,0.77644986,0.89943314,0.81615734,1.0843757
cell_0202,0.903535,0.93763024,0.8518603,0.78018093,0.9026789,0.8277283,1.8077904,4.103455,0.7978686,0.36171725,0.9457457,0.803174,0.947341,0.97596043,0.8044585,0.9858407,0.89449817,0.91646,0.8723079,1.0797642,1.0860449,0.91580945
cell_0203,0.96408504,0.85947275,0.8983561,0.84910655,0.90035087,0.8788144,1.8556815,3.7377071,0.9800372,0.35448894,0.8741431,0.8519333,0.9101301,0.7787394,0.8254467,0.92130226,1.0406415,1.0295044,0.8259259,0.85496366,0.89364123,0.88853014
cell_0204,0.90787727,0.96301377,0.8917531,0.89662194,0.8484911,0.90899116,1.7828174,4.08948,0.9532738,0.32999903,0.931308,0.9166388,1.0224328,0.8960588,0.8242581,0.90685064,0.8743033,0.8357871,0.86485106,0.9615906,0.86145,0.8189693
cell_0205,0.8564764,0.9908391,0.8255404,0.8981252,0.90776855,0.8691789,1.5440224,3.4468925,0.9086325,0.34129766,1.0346584,0.8260823,0.91455215,0.87930405,0.99048567,0.8950356,0.7401182,0.9709902,0.8883591,0.8460763,0.95155615,1.0185901
cell_0206,0.8201569,0.8696437,0.894276,0.80804324,0.83867973,0.93577814,1.9922763,4.0135317,0.93614906,0.35029787,0.8260892,0.9459674,0.869118,0.8853034,0.958683,0.9282866,0.81232893,0.9001697,0.9271674,0.8994538,0.83315015,0.77761954
cell_0207,0.92298204,0.9022021,0.8082306,0.8677107,0.92750627,0.92456347,1.8086877,3.546423,0.83148444,0.35288683,0.9469699,0.85967714,1.0165702,0.95166534,1.0176638,0.9602975,0.82474,0.9566072,0.8719063,0.7618786,0.8678123,0.8866859
cell_0208,0.82572216,0.97902715,1.010968,0.9141055,0.9231991,0.94981855,1.9923002,3.0261695,0.9103391,0.34121063,0.8357699,0.98585415,0.9418664,0.97833073,0.9459957,0.85381365,0.9721738,0.9494915,0.8201098,0.9885535,1.0719461,0.9385739
cell_0209,0.86964643,0.9253315,0.9800856,0.86656153,0.8427669,0.9848857,1.7265689,4.4235735,1.0298294,0.34086505,0.8466845,0.8294245,0.9879544,0.9011084,1.0225279,1.0610385,0.8356325,1.0703857,0.8711697,0.7604511,0.8276286,0.88126326
cell_0210,0.86538845,0.8696699,0.89727694,0.8423612,0.91284525,0.94732124,1.6961426,3.3476744,0.89150137,0.3147877,0.97006357,0.7037407,0.96509457,0.9117898,0.93004274,0.88222873,0.9592654,0.83797276,0.89209914,0.933685,0.9956879,0.96897894
cell_0211,0.98646975,0.9266534,0.8840873,0.91792095,0.92106557,0.94000995,1.7332951,3.2431808,0.9528069,0.35534787,1.0069568,0.8412713,0.8666016,0.8147906,0.8628966,0.97038746,0.94973695,1.0581998,0.90330684,0.8344012,0.84209096,0.87911606
cell_0212,0.93075657,0.92021185,0.77871245,0.9257187,1.0179107,0.9362031,1.8938773,3.7980769,1.0207942,0.31490457,0.89166254,0.88591623,0.80624694,0.9115765,0.9287836,0.90412456,0.7623875,0.7773299,0.9359474,0.91761756,0.9147284,1.0330243
cell_0213,0.87953365,0.94046354,0.80607826,0.95085555,0.94663364,0.86653954,1.7800289,3.784311,1.0234743,0.29616687,0.85330814,0.80053306,0.9994836,0.8143447,0.96411705,0.88011074,0.81246364,0.90796405,0.9323424,0.70157194,1.0012537,0.9818956
cell_0214,0.94677925,0.7957834,0.7440243,0.89077485,0.999592,0.9381622,1.8208963,3.1707933,0.8663623,0.33863452,1.0408051,0.8587152,0.926485,0.8303535,0.7939663,0.8314918,0.85162,0.9847228,0.8214825,0.8465705,0.9232349,0.88484454
cell_0215,0.9257206,0.9136822,0.95663244,0.97443384,0.8679802,0.94419086,1.879724,2.5564585,1.0010121,0.35394126,0.8889359,0.8735668,0.8709629,0.8954418,0.87442356,0.9409701,0.8808727,0.86469585,0.84927344,0.75084746,0.98857,0.88097435
cell_0216,0.90809214,0.93825686,0.8242086,0.94974816,0.9939336,1.0087718,1.716666,3.2863483,1.0151476,0.3563631,0.81440866,0.86321884,0.8184567,0.8983067,0.943136,0.96739507,0.8218696,0.904449,0.94682926,1.0859523,0.9727067,0.905756
cell_0217,0.9231732,0.9293852,0.89233726,0.7969266,0.95156693,0.84803087,1.9453317,3.4416997,0.8763385,0.31058496,0.94256973,0.8732863,1.0626342,0.82488734,0.7218343,0.9627234,0.81567645,0.86757237,0.9371781,0.8654546,0.72567713,0.9793341
cell_0218,0.8950033,0.87327343,0.88445777,0.9371693,0.7892506,0.92323285,2.1312966,3.5804803,0.8636757,0.30175677,0.8488511,0.8492042,0.8962243,0.88261676,0.8928948,0.83389455,0.8977127,0.8692416,0.8429625,0.8026612,0.9435001,0.9479183
cell_0219,0.81004584,0.9553459,0.8785294,0.936552,0.9472159,0.7794986,1.7084895,3.3692424,0.83145857,0.3426847,0.9510995,0.9390907,0.9489206,0.74641067,0.9112962,0.8026339,0.95683324,1.0150316,0.8781412,0.946909,1.0374963,0.9089186
cell_0220,0.90287375,0.8784615,0.9583548,0.8357992,1.0533673,0.75114495,1.9638253,3.3478613,0.8712849,0.35444483,0.91450006,0.74350095,0.9190601,0.9139846,0.81335914,0.87790877,0.93253714,0.9793317,0.94098794,0.92073774,0.9024733,0.84735847
cell_0221,0.92380005,0.91438526,0.81459844,0.9151306,0.93020624,0.85171455,1.7127823,4.632036,0.8984173,0.3473607,0.9333228,0.97694886,0.9479774,0.7929121,0.9463993,1.0100088,0.90177816,0.9775601,0.87857383,0.71447724,0.7538502,0.97293234
cell_0222,0.9195557,0.87147707,0.8618774,0.79304457,0.90070635,0.8479431,1.8670262,4.404497,1.0269781,0.340238,0.85923433,0.83871204,0.78908545,0.8579531,1.0009165,0.81361306,0.9534776,0.9067172,0.94633293,0.8545577,0.8633287,0.8027711
cell_0223,0.9353547,0.858871,0.9159095,0.88802236,0.9354101,0.89399344,1.7945372,3.8298373,0.8129711,0.33751494,0.9539995,0.8740916,0.82013047,0.9769698,0.8611755,0.8597589,0.831356,0.90478814,0.92101294,0.8744835,0.9120063,0.8327726
cell_0224,0.9222767,0.8460237,0.8351576,0.95168424,0.7532827,0.9084904,1.8350495,4.509826,0.8074055,0.33888432,0.91276306,0.832497,0.920671,0.8786424,0.95170385,0.79083896,0.9161565,0.9496336,0.8931671,0.84156185,0.8608748,0.9736788
cell_0225,0.96933234,0.93488556,0.9127921,0.89538264,0.88016903,0.8288316,1.8275666,3.6860545,1.0108268,0.35167578,0.893932,0.9362646,1.0057484,0.9035457,0.9489503,0.74592644,0.8758621,0.87393564,0.95881116,0.943985,0.775811,0.8147767
cell_0226,0.924843,0.86769545,0.90488535,0.90961856,0.8320436,0.89446074,1.7424467,3.2885332,0.7993032,0.32195804,0.96009135,1.0190485,0.767562,1.0366656,0.9100932,0.9219175,0.84853095,1.0235991,0.8153273,0.8478396,0.99190426,0.85558707
cell_0227,0.8718246,0.86989737,0.9910656,0.8617591,1.005252,0.911741,1.8755469,4.313471,0.94603306,0.36107224,0.8425387,0.84046006,0.9410422,0.922719,0.884646,0.87659734,0.8689944,0.8474733,0.83852255,0.9253834,0.8169057,1.015018
cell_0228,0.92523724,0.93383896,0.9427464,1.0665487,0.98604816,0.84873366,1.760085,3.2385461,0.8659638,0.36614344,0.8208396,0.7591094,0.93771887,0.8177223,0.870749,0.87485456,0.9565855,0.86351454,0.8960118,0.93083906,0.96658546,0.8303211
cell_0229,0.88969976,0.922617,0.8339984,1.0288459,0.8933353,0.9058147,1.8988199,3.7883728,0.857911,0.37225375,0.8472784,1.0408471,0.851171,0.85652435,0.9249643,0.7323791,0.7967862,0.8710078,0.9665942,1.0239297,0.97358507,0.94126606
cell_0230,0.8810336,0.9209788,0.97501415,0.9382424,0.88376105,0.848324,1.76222,3.9450681,0.86447936,0.32870483,0.96375877,0.9694381,1.0138695,0.8861285,0.9310177,0.8267364,0.9931841,0.9028723,0.8679974,0.99084246,0.8223751,0.89791507
cell_0231,0.82019794,0.8228233,0.9254509,0.92456067,0.96668655,0.89292717,1.6529756,3.9465625,0.90846735,0.33241838,0.8368083,1.0320396,1.0121286,0.9286862,0.78569514,0.8872383,0.95268226,0.8941,0.8597445,0.8564264,0.9139446,1.0009218
cell_0232,0.89329594,0.87262386,0.90493083,0.90127444,0.8923145,0.9540672,1.8156235,3.9482472,0.9408292,0.33183247,1.0034446,0.873259,0.85905683,0.83092725,0.8468304,0.9105842,0.7725226,0.90134925,0.9513495,1.0606352,1.0973426,0.75475866
cell_0233,0.9512292,0.87556314,0.9685723,0.9877364,0.8963598,0.9717232,1.758083,4.3067436,0.8645632,0.3791768,0.8283301,0.88947767,0.8841433,0.85808474,0.8362524,0.9244737,0.9022331,0.90002716,0.9483632,1.0122534,0.88125086,1.0923156
cell_0234,0.8585266,1.0020969,0.8844653,0.8528329,0.9093831,0.96423185,1.9084365,3.0837111,0.8663111,0.35083088,0.99696225,0.92476034,0.90873796,0.85275525,0.84644276,0.92336977,0.7697553,1.0256786,0.9438694,0.9671488,0.8630478,0.77747816
cell_0235,0.8625779,0.9037639,0.8890886,0.947648,1.0302564,0.91946185,1.5440673,3.8003545,0.8855536,0.35970914,0.9061911,0.8823394,0.86753047,0.9804785,1.059338,0.893806,0.84489584,0.9067066,0.92094225,0.9344493,1.0301151,0.90377223
cell_0236,0.85913503,1.0211024,0.8502169,0.83709866,0.894247,0.8751225,2.0000565,2.7885215,0.9608742,0.35325503,0.9375568,0.9164652,0.8832602,1.0357431,0.90113276,0.863555,1.0268725,0.8828064,0.8589474,0.9185734,0.90558916,1.0512025
cell_0237,0.9366734,0.93288094,0.90055436,0.8851922,1.0183961,0.985689,1.7328644,2.7708964,0.82352656,0.33462283,0.81663597,0.89113367,0.9549874,0.8678763,1.0937074,0.9601337,0.9127166,0.9144521,0.8932851,0.94188374,1.0527897,1.0008363
cell_0238,0.84120774,1.0008162,0.8631731,0.95329,0.908995,0.91901934,1.6806105,4.3601923,0.9571564,0.34302583,0.7865922,0.83374345,0.8902491,0.9873173,0.9646415,0.95682806,0.90528715,0.9770931,0.9095814,0.97924066,0.79016614,0.9335418
cell_0239,0.8631518,0.90254664,0.8534754,0.8488328,0.86208194,0.9192613,1.9253714,3.4830198,0.95554864,0.349925,0.89742726,0.8588942,0.93516415,0.85428506,0.97801864,0.8727399,0.84467065,0.8922469,0.83089936,0.8286928,0.8267381,0.9541883
cell_0240,0.840017,0.8750186,0.80200464,0.8490241,0.9127541,1.0376278,1.825839,3.5610566,0.8910562,0.3136827,0.8489768,0.8885793,0.97173685,0.9234396,0.8388497,0.88821673,0.9659816,0.9198861,0.816258,0.90619487,0.9652636,0.95636237
cell_0241,0.91190165,0.92468214,0.849889,0.8532146,0.9630809,0.9015715,1.8702409,3.3665814,0.9057062,0.3397281,0.9160408,1.0296016,0.9149148,0.8911458,0.90753543,0.90206057,1.0345737,1.0235556,0.82439464,0.80512726,0.785106,0.9736391
cell_0242,0.9517908,0.8362147,0.93824935,0.7885808,0.9128971,0.9136554,1.8593618,4.11324,1.047218,0.347704,0.84421563,0.9220796,0.8687049,0.8818418,0.9095974,0.8802005,0.83877695,0.81739956,0.88899183,0.94748646,0.75997204,0.7200491
cell_0243,0.94045424,0.89019656,0.8766198,0.9115012,0.9781432,0.86770594,1.737365,4.3177476,0.8373522,0.35710737,0.8659266,0.89967793,0.8824025,0.8378054,0.9950686,0.89816576,1.0115129,0.9423222,0.91502297,0.78947103,0.88444215,0.99652797
cell_0244,0.9064179,0.9314245,0.95546114,0.7596709,0.88941944,0.99312997,1.6901742,2.677167,1.0229702,0.38498515,0.91799885,0.8602469,1.008344,0.8439207,0.9145623,0.83495146,0.98662126,0.79394627,0.8977447,0.95946985,0.936279,0.83833444
cell_0245,0.9314596,0.9470019,0.9705571,0.8874405,0.9090863,0.9614899,1.8309432,2.921812,0.93769103,0.31719682,0.9073731,0.9856301,0.8689684,0.9097891,0.92551124,0.91933435,0.860335,0.9258242,0.9219323,0.9479112,0.8940701,0.8541389
cell_0246,0.9623411,0.8581533,0.92150855,1.0076109,0.9682765,0.94139546,1.6523508,3.4700656,0.8287215,0.35270682,0.86205053,0.9068917,0.9411405,0.88997746,1.0099338,0.81545156,0.9358142,0.91260844,0.94133925,0.8902761,0.7777976,0.9767165
cell_0247,0.88366723,0.8105118,0.8333588,0.795464,0.94882584,0.94787043,1.6881609,3.7800403,0.91520846,0.344354,0.85343486,0.9307193,0.8654153,0.7190184,0.89412546,0.8969606,0.92548496,0.8280306,0.94698095,0.93108195,0.94279754,0.80752534
cell_0248,0.91065216,0.881956,0.86513597,0.9264964,0.83203787,0.91109246,1.6270682,3.7316742,0.8284637,0.34062368,0.86575794,0.96280116,1.0119945,1.0026057,0.8490741,0.8124559,0.86753625,0.8216637,0.83742917,0.8791981,0.9868651,1.0210612
cell_0249,0.97881234,0.7950788,1.0136403,0.8290123,0.89454585,0.99400777,1.9066037,3.9797843,0.9028897,0.33289802,0.7643299,0.8306759,0.8556824,0.7473267,0.86034334,1.0226895,0.89943236,0.79532486,0.8026775,0.81249654,0.8240616,0.9304976
cell_0250,0.8857147,0.9627014,0.8082684,0.7639064,0.85622805,0.905297,1.765261,4.1108656,0.9605987,0.3329845,0.91180646,0.9068566,1.0267448,0.97208613,0.9641599,0.86328244,0.82226825,0.85775185,0.87962496,1.0304406,0.8599876,0.96768445
cell_0251,0.96606004,0.86501926,0.81351006,0.98175037,0.9554446,0.9746207,1.8781152,3.5236661,0.89134085,0.30885336,0.8170702,0.9352707,0.7636698,0.8859363,0.8761431,0.91910374,0.92883444,0.9337873,1.0348935,0.93334466,0.94983363,0.8612884
cell_0252,0.93316823,0.94806707,0.82972074,0.9624751,0.93579787,0.9257266,1.7176596,3.099011,0.91681683,0.33848915,1.0045483,0.9700898,0.7888724,1.0351028,0.8701035,0.7865926,0.89856076,0.7848875,0.98076034,1.1019431,0.8775812,0.84133255
cell_0253,0.7997076,0.8686101,1.0666186,0.9765387,0.8750882,0.8417421,1.685539,4.562542,0.9666693,0.36192447,0.8909948,0.95814335,0.977198,1.0682374,0.87718767,0.8952128,0.9663507,0.8181539,0.9481929,0.86082256,0.99337244,0.8561542
cell_0254,0.92571646,0.87586683,0.95820224,0.97213006,0.8522053,0.917514,1.9869024,3.0044472,0.9111837,0.36597216,0.74605364,0.8790033,0.77369475,0.93826675,0.949187,0.99028194,0.9010127,0.81222165,0.9470235,0.9102028,0.87865424,0.8920475
cell_0255,0.90644985,0.96733713,1.0231682,0.9166263,0.8734567,0.94865125,1.8576434,3.0598123,0.85724056,0.3178989,0.8574593,0.8194454,0.88108766,0.95931697,0.88409466,0.9167704,0.94872797,0.86018384,0.8295268,0.85711414,0.82959217,0.77068657
cell_0256,0.9124739,0.87325627,0.9165254,0.77969277,0.8766658,0.94729656,1.828531,3.9868314,0.8464923,0.3496577,0.81648636,0.82782847,1.0826977,1.0198494,0.8693438,0.8350567,0.8493114,0.85847443,0.854612,0.8826837,0.8852121,1.0282134
cell_0257,0.86863035,0.96009874,0.88707536,0.8832716,0.78493977,0.9257623,1.9801422,3.9671514,0.921025,0.34240365,0.93549955,0.964307,0.78581077,0.8087924,0.73185784,0.8473205,0.86982125,0.97639376,0.83515954,0.8534958,0.7174054,1.0239863
cell_0258,0.858324,0.9139665,1.0102236,0.884608,0.9527764,0.94595975,1.7274611,3.1262066,1.0101268,0.36066908,0.9642641,0.9412825,0.8250267,0.92026865,0.8918426,0.9192736,0.82623965,0.9716856,0.8306603,1.0124904,0.78440607,0.8379849
cell_0259,0.92725456,1.0435175,0.8739704,1.0195321,0.9793553,0.9119526,1.6482314,3.25774,0.85761327,0.37146422,0.8509971,0.80570924,0.8976682,0.9966574,0.84533733,0.8630844,1.0511215,1.0186672,0.93114775,0.87038344,0.9643563,0.92745656
cell_0260,0.92723656,0.9551123,0.87377137,0.994577,0.95388395,0.82544416,1.785958,4.1219893,0.9573412,0.35249582,0.99479353,0.91790915,0.7888978,0.8477155,1.038596,0.8245236,0.7959606,0.9222254,0.92098665,0.96326035,0.81606454,0.8553227
cell_0261,0.88813883,0.9051566,0.9722036,0.9319876,0.9207115,0.7926761,1.7257504,3.8622007,0.89027464,0.32751504,0.9172681,0.9125608,0.8197342,0.98302704,0.83724666,0.8984911,0.85388714,0.8652317,0.7675265,0.7568984,0.8902362,0.7684986
cell_0262,0.94145924,0.8713525,0.8861126,0.9386429,0.7808568,1.0382262,1.7612526,3.884214,0.9126112,0.36551955,0.95276403,0.90447825,0.9763842,0.8556007,0.8759498,0.77638555,0.9430842,0.9812686,0.805543,0.809875,0.70198053,0.90691304
cell_0263,0.9926924,0.876294,0.9741213,0.9590388,0.813503,0.9789599,1.7512068,3.085369,0.9979316,0.36170116,0.8138387,0.93608564,0.8968349,0.83676267,0.81902534,0.92183965,0.8082387,0.8685677,0.91779774,0.9345798,0.8669812,0.90844554
cell_0264,0.8590988,0.9485547,0.8822474,0.85733676,0.9547313,0.92919827,1.8627708,2.2800133,0.8079925,0.33471057,1.0249143,0.79089534,0.8715105,0.84979784,1.0256765,0.86500597,1.0526677,0.82202023,0.979101,0.94400626,0.7367966,0.9688445
cell_0265,0.90343684,0.8943697,0.97643405,0.90827376,0.9260206,0.9923481,1.9145241,2.5973246,0.801576,0.34866717,0.81780136,0.7993721,1.1267093,0.8161464,0.952819,0.94400436,0.8943827,0.92655915,0.851668,1.0158762,0.9019619,0.7956467
cell_0266,0.87426054,0.9451665,0.9126074,0.8505865,0.83789706,0.9668625,1.9757602,2.6330488,0.7929528,0.34959885,0.9029181,0.9920156,1.018848,0.9425444,0.82270837,0.85476196,1.0051435,0.8794548,0.97203565,0.8943975,0.8596769,0.90120065
cell_0267,0.9876294,0.9113721,0.9160808,0.93535393,0.94382477,0.9746185,1.7263272,3.6814382,0.8972692,0.334503,1.0197377,0.8883853,1.0503895,0.9063051,0.9337309,0.9063611,0.8906087,0.9161617,0.85414857,0.8409483,0.69068736,0.9867048
cell_0268,0.8700795,0.98987776,0.83847797,0.794019,0.971008,1.0293897,1.8338487,2.5711946,0.9424816,0.35292393,0.89189774,0.88132703,0.9660043,0.8471761,0.9118688,0.8628907,0.9372814,0.7691114,0.99658203,0.7597914,0.9143363,0.71525675
cell_0269,0.89435214,0.8567519,0.7813936,0.8632416,0.93220276,0.7953596,1.7565615,3.3935175,0.98393065,0.3672233,0.7603206,0.8890788,0.8565992,0.9249713,0.94013774,0.84471756,0.84108764,1.014522,0.9669842,0.9471633,0.88656473,0.8991394
cell_0270,0.8927027,0.8671229,0.8870679,0.94424653,0.9057266,0.88265216,1.9403164,3.2816427,0.8764452,0.38740572,0.9811127,0.91028404,0.9488261,0.8804218,0.8412339,0.8982457,0.9076036,0.93299353,0.84836084,0.8669578,1.0674305,0.9698961
cell_0271,0.9204773,0.86777574,0.92063713,0.94407433,0.8166739,0.83164525,1.865896,4.460382,0.9526813,0.3745582,0.9735272,0.847222,0.8696554,0.8679452,0.84622383,0.90700406,0.8826665,0.89724594,0.8837113,0.8017758,0.990297,0.8815541
cell_0272,0.87746143,0.9354116,1.0132319,1.0340472,0.99098,0.88323456,1.7014537,3.6355236,0.84404534,0.32835895,0.89423156,0.8072651,0.95360523,0.9337773,0.9291129,0.9021816,0.8811639,0.9319978,0.844667,0.88688344,0.73252577,0.9528704
cell_0273,0.897986,0.8857249,0.8138584,0.8418421,0.97291523,0.8492972,1.8140595,4.0966353,0.87266433,0.32427967,0.86986226,0.948665,0.96878827,0.90280634,0.95185524,0.8251139,0.8970196,0.94305253,0.89419186,0.8134277,0.7595582,1.0768872
cell_0274,0.8690987,0.93908876,0.91225916,0.8562251,0.94414365,0.9194489,1.795819,3.9300878,0.94142395,0.34829843,0.87638295,0.8439146,1.0611268,0.88622963,0.7643154,0.8860982,0.93679625,0.9062132,0.82505465,1.0006828,0.87171286,1.1013314
cell_0275,0.9483048,0.90508884,0.82894486,0.9643876,0.8381515,0.80333805,1.9388319,4.9719143,0.85017586,0.32255518,0.9365998,0.83688915,0.9133874,0.8445533,0.8821731,0.98517525,0.82546365,0.88636035,0.9137971,0.87335926,1.0250105,0.89538807
cell_0276,0.9378821,0.9634426,0.88266814,0.9254221,1.0049164,0.88357794,1.7993938,3.7048142,0.8890711,0.3818848,0.8868948,0.86407167,0.8583689,0.87480307,0.87093407,0.8814418,0.8580282,0.930246,0.8699851,0.8691384,0.85461575,0.991436
cell_0277,0.8915974,0.9287678,0.915746,0.9175263,0.8700338,0.9374872,1.817975,3.5083246,0.8821548,0.3299968,0.85511637,0.91548645,0.74525976,0.93014437,0.94151175,0.93437445,0.8805107,0.95589226,0.9995091,0.9749908,0.9029498,0.850407
cell_0278,0.9095825,0.9427215,0.9750042,0.85673267,0.9757069,0.90058064,1.7678412,3.6337202,0.8936279,0.31714138,0.9552603,0.8943428,0.84223664,0.97114986,0.845669,0.8684007,0.93384075,0.95828754,0.97633886,0.99480474,0.99520755,0.9631533
cell_0279,0.9923598,0.95387805,0.8847932,0.9380527,0.9446681,0.9729782,1.8682421,3.6862245,0.92945606,0.33958492,0.9861074,0.80417335,0.9822158,0.784018,0.7074487,0.9277254,0.8437326,0.89759386,0.8748661,0.7964152,0.85516906,0.9616558
cell_0280,0.90429044,0.8798676,0.90401393,0.9287764,0.9693417,0.94302326,1.906849,4.3560114,0.90772724,0.3261743,0.8345708,0.78923696,0.95243335,0.8515026,0.9276766,0.8052992,0.9850957,0.99773365,0.9236341,0.87095547,0.8493983,0.8850589
cell_0281,0.8907006,0.8599627,0.9588878,0.83010566,1.0003699,0.8814775,1.7514291,3.112429,1.0300443,0.36059058,0.9879416,0.94800407,0.90867496,0.8913181,0.8715707,0.8837463,0.86282444,0.98937374,0.89788926,0.8872658,0.96225804,0.8334374
cell_0282,1.0281979,0.923341,0.8429102,0.8159991,0.9709882,0.8439785,1.7882444,3.962083,0.8901383,0.3202701,1.028469,0.9050542,0.79142344,0.83319294,0.8528755,0.9695565,0.81395674,0.8109157,0.93423414,0.93705046,0.8561911,0.8715195
cell_0283,0.90369684,0.85210997,0.9064867,0.8153837,0.9298977,0.9484629,1.8951211,3.8215296,0.9148014,0.3094707,0.8254524,0.8674254,0.82550865,0.89624333,0.8835997,0.90020245,0.9585521,0.7637483,0.9189564,0.9122657,0.880181,1.0463241
cell_0284,0.9083053,0.94667596,0.78344214,0.90941656,0.88282686,0.7882526,1.7171031,3.106067,0.837629,0.37320778,0.97353035,0.9569605,0.94277394,0.999682,0.86241996,1.054218,0.9959123,0.8338961,0.8749155,0.99083036,0.8889553,0.82023436
cell_0285,0.94075996,0.8260765,0.8534841,0.8605843,0.89046067,0.9340131,1.9683084,3.8178332,0.8258919,0.3459689,0.8346591,0.812927,1.0068257,1.0098463,0.95545256,0.93252474,0.86934894,0.83420193,0.89742523,0.81878304,0.9389565,1.0938663
cell_0286,0.826867,0.9412095,0.89965105,0.8603114,0.9283731,0.93905276,1.9594731,3.3213103,0.9113174,0.33600542,0.9528193,0.9253169,0.9723639,0.8732822,0.7896462,0.7811464,0.9231578,0.8721737,0.8309488,0.96764183,0.872531,1.0341617
cell_0287,0.9436603,0.8931488,0.8614104,0.8670515,0.9712707,0.9197114,1.771595,3.6976488,0.8653782,0.33819753,0.9083229,0.89357144,0.8631907,0.872142,0.842876,0.84089756,1.004471,1.0514369,0.9935874,1.0496538,0.9774948,0.95777863
cell_0288,0.83397645,0.85024875,1.041947,0.85011214,0.8707166,0.91492224,1.7957299,3.8536587,0.8226277,0.3549254,0.8041591,0.84835404,0.8430737,0.9831566,0.902629,0.9660109,0.84456515,0.8858469,0.97848773,0.9979355,0.74250376,0.9299287
cell_0289,0.8193942,0.8708931,0.86878246,0.90277106,0.9061281,0.88609034,1.6123489,3.7975276,0.8635423,0.35067093,0.9220279,0.9591707,0.82865876,0.8041474,1.0258625,0.97078013,0.92615974,0.75641966,0.88606596,0.93785,1.036186,0.8089959
cell_0290,0.9333473,0.89459926,0.7974742,0.9182626,0.90596664,0.8868446,1.7779659,3.4874995,0.9377235,0.3528043,0.9374984,0.9615452,0.7727916,0.84912246,0.9984901,0.8628857,0.90965724,1.0058821,0.9428816,0.99853563,0.8997828,0.95022875
cell_0291,0.8500896,0.92911774,0.96286273,0.8199143,0.8836802,0.92552596,1.83779,2.9706595,0.925041,0.35177055,1.0111337,0.8651357,0.85813195,0.8817306,0.87163377,1.0070951,0.97874224,0.7500729,0.9666704,0.9955435,0.92402434,0.88865805
cell_0292,0.97154385,0.94904816,0.89740795,0.85914123,0.9779062,0.9203993,1.7197086,3.9464877,0.9459631,0.32875887,0.9280826,0.82689714,0.9358093,0.75597817,0.9796776,0.9434084,0.89488524,0.96044886,0.86788005,0.9234615,0.9919547,0.93850267
cell_0293,0.82401496,0.95059353,0.9510505,0.9733477,0.8663877,0.90475905,1.8434231,4.0948863,0.99228454,0.36727375,0.9408125,0.91358846,0.8956574,0.8863633,0.91549563,0.96634555,0.8827494,0.9931741,0.7339491,0.7898466,1.0258527,0.9831529
cell_0294,0.89096516,0.83541316,0.8812469,0.9049006,0.9007507,0.820951,1.8866364,3.5553796,0.8307877,0.3109975,0.8557108,0.81461924,0.8721579,0.89910483,0.92602795,0.9173089,0.95183235,0.94181913,0.9200392,1.0147611,1.1109332,0.9838987
cell_0295,0.8851255,0.9025196,0.82182825,0.9428319,0.89014673,0.87895006,1.850334,3.7801263,0.9558211,0.37642854,0.9388867,0.8913558,0.9473989,0.8480653,0.9500043,0.9321359,0.9794189,0.8777794,0.85382175,0.8104883,0.90142983,0.87517357
cell_0296,0.7354424,0.95339924,0.9576527,0.8128335,1.0248083,0.91979194,1.7073412,3.1775908,0.87716585,0.3124502,0.9180432,1.0176872,0.8142483,0.8654709,0.8281309,1.070658,0.98875797,0.84912443,0.8419746,0.82461524,0.8300233,1.1021149
cell_0297,0.89984685,0.94271773,0.90168583,0.9464518,0.8305724,1.058913,1.6357721,4.405716,0.85513496,0.3381343,0.8759693,0.8044764,0.93210644,0.73021966,0.99656904,0.91511,0.89960796,0.8455808,0.8768557,0.82495457,0.96200776,1.0102738
cell_0298,0.90649676,0.90972126,0.90671897,1.0067875,0.87151986,0.8575102,1.7323241,4.2451367,0.8661695,0.37604,0.91065186,0.93722266,0.76884884,0.9455909,0.9438948,0.98827714,0.78940487,0.9327819,0.8915739,0.8023706,0.9485518,0.840424
cell_0299,0.95730734,0.88526314,0.9019356,0.90463406,0.9215341,0.93274724,1.9685287,3.5681288,0.91847706,0.3193392,0.74576265,0.8993148,1.0166521,0.85735965,0.8909018,0.9092116,0.8232616,1.0299367,0.8922067,0.8943528,0.90275073,0.9361803
cell_0300,0.8832561,0.8056012,0.76729,0.9494987,0.8883498,0.98286813,1.6853276,3.4639733,0.9675662,0.34154227,0.8574234,0.9218092,0.92049927,0.89288247,0.9849459,0.8548058,0.9004953,0.87306255,0.81857836,0.7291613,1.0074456,0.9889264
cell_0301,0.9032149,0.8353001,1.0435635,0.9177899,0.8830877,0.8807433,1.7439258,3.3629181,0.8700419,0.32413825,0.83579546,0.8210386,0.9011514,0.79769397,0.9559439,0.9376156,1.070796,0.9397032,0.95592755,0.85119677,0.8675837,0.9042424
cell_0302,0.9657831,0.85999036,0.92858535,0.89838964,0.912932,0.87108076,1.8137487,3.6242287,0.9013807,0.34548843,0.95092094,0.9762999,0.8118346,0.89026743,1.0060378,0.8951193,0.93751293,0.83499926,0.91038895,0.8876328,0.72007406,0.86895245
cell_0303,0.8994354,0.9781227,0.9164305,0.87260973,0.8635067,0.80150366,1.9851933,3.5897977,0.81358737,0.33938032,1.0084355,0.9069788,0.73928773,0.9298319,0.8639726,0.899071,0.9230422,0.96236634,0.88211846,0.8445958,0.9433553,0.9007868
cell_0304,0.8982947,1.0135436,0.80268365,0.87402683,0.8829393,0.9270501,1.8276266,3.1908479,0.91129893,0.31380674,0.8477549,0.9320496,0.86462873,0.808382,0.94800377,0.86376137,0.86834145,1.0324655,0.89859235,0.8283634,0.9098616,0.8611888
cell_0305,0.8262394,0.94066286,0.86795807,0.89346576,0.93449235,0.9525393,1.6446642,2.998177,0.99231845,0.3295324,0.9242754,0.9259676,1.1098824,0.9685688,0.97002006,0.87694114,0.88897336,0.90191835,0.90710133,0.8062798,0.9186925,1.004903
cell_0306,0.83691895,0.834184,0.9869265,0.810681,0.8310066,0.9500978,1.9746251,3.4897397,0.9733264,0.3319095,0.8960668,0.8856302,0.8439388,0.99603516,0.97845703,0.8411923,0.9182975,0.876577,0.878753,0.73129594,0.89955974,1.0133369
cell_0307,0.8882977,0.93959814,0.9093904,0.7189747,1.0454085,0.975389,1.6437114,3.7430801,0.8915056,0.33760172,0.78313255,0.9467538,0.80449057,0.943573,0.78373283,0.86391145,0.92317086,0.9004503,0.9128757,0.9456258,0.9712051,0.715413
cell_0308,0.91731185,0.9003265,0.97451055,0.9310679,0.834524,0.9179271,1.6730758,2.968991,0.8939153,0.3191293,0.78013426,0.860671,0.8937504,0.8414627,1.0823872,1.0213941,0.7719296,0.95502883,1.0112456,0.9879643,0.93883514,0.98371613
cell_0309,0.9257567,0.86276084,0.9340851,0.95858836,0.8164716,0.980172,1.7258064,3.7712379,0.86074895,0.34829846,0.90274465,0.9524527,0.8784558,0.8074976,0.86867404,0.973696,0.8498631,0.89605445,0.8482284,0.8600459,0.96944284,0.93174237
cell_0310,0.8815572,0.87710565,0.86745775,0.8349476,0.92628646,0.9669268,1.7401313,4.0933676,0.9925044,0.36289772,0.8619066,0.9236523,1.0496562,0.97790897,0.9148014,0.78175235,0.83492166,0.9849288,0.91044664,0.8742979,0.8700378,1.0996784
cell_0311,0.9156762,0.91347766,0.8644246,0.8038691,0.87200695,0.9879215,1.7370229,3.8951113,0.8808679,0.3386818,0.95430344,0.84581,0.9081972,0.89281696,0.9714733,0.8966397,0.8537387,0.9621413,0.9175057,0.8511386,0.8587835,1.1361305
cell_0312,0.8319645,0.9077415,0.8567555,0.96205366,0.88498706,1.0468476,1.9419949,2.770252,0.90065145,0.35469717,0.8761636,0.85152704,0.93948555,0.8589047,0.94289196,0.8748337,0.9487654,0.7980108,0.83977926,1.0386062,0.7765851,0.9546648
cell_0313,0.944393,0.9668417,0.8498251,0.8889379,0.8381209,0.90979606,1.6684102,3.537138,0.878985,0.32368714,0.7935255,0.72857237,0.9766449,1.0306802,0.83963364,0.8671201,0.9072571,0.8517978,0.94337124,0.93491703,1.0132977,0.7943645
cell_0314,0.88656443,0.9142403,0.8405353,0.90622,0.81344134,1.0131353,1.604148,4.169941,1.0124098,0.33255392,0.96604145,0.83260727,0.7922758,0.9196083,0.933463,0.8715183,0.93387085,0.82944924,0.8854246,1.0032845,0.8804121,0.99141675
cell_0315,0.97121394,0.88532084,0.9043694,0.9078464,0.86021554,0.89758223,1.8083056,4.6606536,0.8762034,0.32662207,0.9491773,0.95594794,0.9298804,0.916291,0.7411763,0.8559864,0.943362,0.8265676,0.92349595,0.98557794,0.8096342,0.88429797
cell_0316,0.8610122,0.93385965,0.80953753,0.896478,0.9061274,0.9448203,1.6340328,3.1210456,0.97736543,0.38893768,0.9422255,0.9456143,0.9056783,0.8797927,0.97218347,0.88498104,0.857965,0.6989537,0.87004596,1.04173,0.9263307,0.94096243
cell_0317,0.8732074,0.88583183,1.0011755,0.9802761,0.88972414,0.944262,1.7513233,3.6933506,0.8878929,0.3424976,0.80350953,1.0142982,0.88401556,0.95409745,0.87029034,0.7784172,0.9046397,0.9076583,0.8892799,0.9148587,0.7730367,0.85671484
cell_0318,0.9058154,0.8939674,0.8785598,0.9163928,0.9561069,0.85235524,1.4946,3.036993,0.8970744,0.3289415,1.0298889,1.0221481,1.1658913,0.87353474,0.9262257,0.93524826,0.98698837,0.856534,0.89279693,0.97165644,0.77764523,0.9483148
cell_0319,0.898424,0.9801862,0.92829734,0.98303497,0.995869,0.89970434,1.7885339,3.491444,0.88483644,0.33441073,0.87874115,0.9421483,0.8663321,1.0568045,0.9817756,0.84964716,0.87655896,0.9714164,0.83321184,0.78026426,0.9883391,0.83872396
cell_0320,0.9915827,0.95841223,0.8811958,0.8934824,0.87247795,0.8105024,1.9464397,3.9892223,0.81850874,0.3481541,0.88396496,0.90350986,0.7268493,0.88771504,0.84158283,0.96205884,0.92212266,0.8573551,0.9021963,0.89857644,0.79446346,0.87133247
cell_0321,0.9975515,0.8980153,0.90491736,0.81060696,0.89340514,0.9630421,1.7876319,3.2471526,0.95962965,0.39449626,0.93951726,0.9349942,0.9428362,0.83942074,0.9342481,0.8301555,0.94306487,0.7976957,0.8584609,0.78610474,0.88133675,1.1531419
cell_0322,0.8850938,0.9801161,0.8698731,0.9006266,0.8971438,0.9647808,2.0969079,3.5424764,0.9186934,0.3120116,0.8239506,0.8225546,0.92183834,0.87230825,0.95738333,0.9686736,0.86618245,0.8366317,0.9430906,0.8809438,1.0427341,0.8583943
cell_0323,0.9298798,0.8835989,0.90138674,0.97854096,0.8555452,0.9859429,1.9329951,3.153115,1.036731,0.32841226,0.85477185,0.8436424,0.8594107,0.94319844,0.88987184,0.9700527,0.8497983,0.74039495,0.91195893,0.92767704,0.83920985,0.97017986
cell_0324,0.8756424,0.8803989,0.82198286,0.9190851,1.0479956,0.94320047,1.5241286,4.9275255,0.9722854,0.32239676,0.8956357,0.8706305,0.96274644,0.83127177,0.9878431,1.025448,0.93763644,0.8179657,0.9236091,0.768817,1.0352069,0.7686097
cell_0325,0.91321176,0.8933212,0.8506956,0.9219982,0.853486,0.8760131,1.8277184,3.781615,0.8094022,0.33932763,0.8724471,0.94675255,1.0458255,0.9900347,0.8774777,0.8175278,0.9066021,0.697293,0.88351256,1.0094739,0.9832957,0.9801106
cell_0326,0.9145712,0.9227706,0.9614042,0.79069513,0.75362504,0.98576754,1.7977885,3.5909142,0.9286532,0.33469692,0.88444674,0.86855704,0.9132406,0.8761529,0.8126602,0.8904134,0.8387996,0.8766388,0.8637599,0.7980619,0.91243345,0.9719703
cell_0327,0.95438534,0.91814977,1.0073609,0.93937355,0.9875454,0.8773707,1.9183916,3.5386302,0.9586697,0.33077326,0.93836224,0.95796907,0.9433917,0.8715711,0.965847,0.9762744,0.8979289,0.81752795,0.8968778,0.8006088,0.8514931,0.9755955
cell_0328,0.8355594,0.877404,0.7958248,0.92731225,0.92063135,0.8420138,1.9806004,3.8627856,0.84124947,0.28962207,0.8546168,0.92032397,0.69992936,0.89736265,0.815841,0.7584577,0.8603469,0.73135394,0.89599335,0.8817508,0.90385133,0.97441703
cell_0329,0.8675636,0.80756545,0.8492199,0.833576,0.8922194,0.95263815,1.9305859,3.777557,1.0115037,0.35175154,0.87003636,0.8753045,0.8145412,0.8707963,0.89456975,1.0403627,0.89851886,0.896817,0.89074486,0.916856,0.90605426,1.0339996
cell_0330,0.8640138,0.9359494,0.8895701,0.9397199,1.0314971,0.9245217,1.801561,4.121234,0.84059477,0.31628656,0.9551856,0.89995193,0.8817617,0.8731133,1.0540122,0.86201984,0.9647209,0.80874354,0.8617804,0.99658936,0.94626707,1.0436587
cell_0331,0.89932907,0.8797548,0.8986429,0.89870137,0.9652919,0.9232947,1.7825855,3.2555442,0.88027084,0.33990896,0.962863,1.0164496,0.8430717,0.9358982,0.9426822,0.8568886,0.937789,0.9050243,0.94779944,0.9569662,0.8878169,1.0928864
cell_0332,0.8834856,0.8482654,0.9394499,0.9217731,0.8085852,0.9870489,1.6526282,2.7742782,0.91479367,0.35321996,0.8985107,0.9101958,0.8868932,0.9230798,0.8780856,0.95649946,0.96243036,0.9865007,0.97160935,0.9455608,1.0454053,1.089485
cell_0333,0.95454377,0.9303552,0.8185535,0.9052869,1.0328195,0.8090661,1.6911211,3.5055199,0.88282436,0.36048707,0.8206275,0.97817504,0.801943,1.0289221,0.9697506,0.9730542,0.9134181,0.82083935,0.8415633,0.9397707,0.8958608,0.8855662
cell_0334,1.0090967,0.8635534,0.9443107,0.88564783,0.86948156,1.0512928,1.9263152,3.3322988,0.8972515,0.32067457,0.8472336,0.87134695,0.8173632,0.7536328,0.9154909,0.83447033,0.81818634,0.84258425,0.8983252,0.9666349,0.93835855,0.871392
cell_0335,0.85973233,0.884005,0.8942163,0.8562265,0.8078038,0.8661538,1.7571312,3.4182389,0.90349007,0.376053,1.0441188,0.864256,0.9335449,0.9050427,0.7829761,0.8758307,0.91149724,1.0706164,0.9074311,0.9411164,0.9515593,0.9237412
cell_0336,0.8930615,0.9097905,0.8358783,0.93329567,0.9219359,0.8788981,1.6766528,3.4894392,0.96068144,0.32941356,0.94910544,0.96739787,0.9858177,0.9660439,0.93542874,0.81647456,0.8685798,0.9064188,0.90557355,0.8793691,0.8530993,0.8727858
cell_0337,0.98575115,0.878405,0.8364672,0.86328506,0.8904013,0.9087128,1.6597025,3.0389304,0.8380398,0.34573576,0.8475167,0.9955102,0.74174494,0.92154443,1.0848079,0.959229,0.7922415,0.91093737,0.91150403,0.8622952,0.9984057,0.88929224
cell_0338,0.9401734,0.81870675,0.82550746,0.90997916,0.9677768,0.8579919,1.7471205,4.166308,0.9097906,0.3547072,0.8813491,0.93966794,0.9439719,0.94239354,1.0266665,0.8824798,0.8535489,0.94705194,0.9527396,0.85210687,0.8665734,0.8809714
cell_0339,0.86900145,0.81980175,0.8407091,0.766122,0.9208794,0.94400233,1.7815126,4.3944964,0.8305929,0.3437878,0.9148157,0.8762819,0.9543227,0.98780084,0.9727921,0.9834293,0.91356266,0.8223693,0.91329986,0.92034817,0.8730879,0.94072574
cell_0340,0.94905776,0.91098624,0.8927041,0.8994654,0.86969596,0.90667266,1.896547,3.7136931,0.796062,0.3496252,0.83622444,0.844694,0.98576975,0.86698735,0.96900713,0.9010847,0.91289026,0.8871137,0.9235655,1.1378924,0.97846,0.925497
cell_0341,0.93342316,0.85712934,0.87886786,0.9086814,0.882501,0.9729436,1.927696,3.1912873,0.7362428,0.36926794,0.92331856,0.861473,0.9969488,0.90818936,1.0075299,0.8942191,0.8714355,0.8910929,0.8869306,0.92237914,0.8561937,0.9126779
cell_0342,0.91115934,0.86446744,0.94273865,0.90839875,0.91752887,0.9092738,1.9464383,2.6555007,0.88280463,0.33735693,0.8766551,0.86221826,0.8394076,0.7614009,0.91683316,0.96311444,0.8635328,0.9652838,0.9081386,1.0097017,1.0469868,0.7915552
cell_0343,0.935951,0.7999684,1.0011357,0.85834813,0.90980375,0.87521327,1.8056281,3.4875963,0.96998787,0.359541,0.8637744,0.81638646,0.92126715,0.89835465,0.8757237,0.91626126,0.96250373,0.90749055,1.0270023,0.8677698,0.903563,0.83525634
cell_0344,0.9122939,0.8348812,0.9646074,0.82742566,0.8789379,0.86266696,1.8409777,3.9846454,0.91266364,0.31894687,0.92444867,0.9476297,0.9031187,0.81080914,0.9644188,0.9710346,0.9444105,0.86677146,0.79014415,0.7761621,1.024909,1.0338924
cell_0345,0.88498193,0.8746548,0.8743894,0.8937896,0.80137336,0.8942991,1.9240427,3.3787785,0.9886037,0.36182922,0.87034875,0.8881747,0.86727995,1.019896,0.78629416,0.7977968,0.90835094,0.9359163,0.9276636,0.90892416,0.78449494,1.040057
cell_0346,0.902792,0.82712185,0.8690619,0.8270834,0.95254564,0.9112459,1.9426569,3.0755758,0.93798393,0.3406369,0.82645,0.79626316,0.9519078,1.0299785,0.7384469,0.9005114,0.94828856,0.90139484,0.9045024,0.8313461,0.9936561,1.1164762
cell_0347,0.9656702,0.9482271,0.98927414,0.8850895,0.89649373,0.96371174,1.9501151,3.4741273,0.9438222,0.3332271,0.9548897,0.8897912,0.95483446,0.82817507,0.89186245,0.8796064,0.8661933,0.9185715,0.8934069,0.7680303,0.7524013,1.2725209
cell_0348,0.95339096,0.8954095,0.9121013,1.0213593,0.9413257,0.94549334,1.8066463,3.93886,0.8719131,0.3573778,0.87411445,0.93920416,0.8276567,0.9094941,0.8908596,0.84407234,0.96035725,0.8243676,0.78848714,0.8723731,0.85197455,1.0766779
cell_0349,0.8672015,0.9389841,0.8646194,1.0036569,0.93464607,0.88976175,2.0583982,3.2236245,0.95088005,0.33702582,0.88957995,0.8080035,0.7674723,0.7824607,1.0236346,0.8785164,0.94050115,0.9157027,0.93759584,1.0582631,0.8653872,0.83845466
cell_0350,0.9137908,0.8703381,0.93001187,1.054788,0.868194,0.8795177,1.8514732,3.6387663,0.86082184,0.34069112,0.9250161,0.8822703,0.84332275,0.78216356,0.8163086,1.1086441,0.76298976,0.7978863,0.9697489,0.97111166,0.71111566,1.0147482
cell_0351,0.9282885,0.95087576,0.89285946,0.8875042,0.90574276,0.86608636,1.8212713,3.6663797,0.9768312,0.34352353,0.8134563,0.87833625,0.83303106,0.8542362,0.7774522,0.88293684,0.9282014,1.0084757,1.0055051,0.90119183,0.9682388,0.85303634
cell_0352,0.9560977,0.8814852,0.9091808,0.82869,0.93591034,0.8153489,1.8186692,3.2598255,0.87409556,0.3461753,0.93325543,0.9517491,0.81046206,0.86352646,0.9574111,0.9627826,0.880858,0.8325966,0.8604731,0.9469941,0.91739607,0.9419833
cell_0353,0.9281831,0.83158076,0.83662695,0.8751107,0.88571554,0.8024644,1.927731,3.7986026,0.97829974,0.32493743,0.89914143,0.86502594,0.90106165,0.8968746,0.8460758,0.8018754,1.0480016,0.9973711,1.0074409,0.9455165,0.78822994,0.9382607
cell_0354,0.87134755,0.8710478,0.98848295,0.9609583,0.8648344,1.0015726,1.678801,3.1639757,0.9791467,0.34531257,0.90713304,0.9272859,0.89054406,0.86446464,0.86176133,0.9622324,1.0410022,0.8659772,0.9110523,0.86309594,0.96711266,0.84542346
cell_0355,0.8574939,0.977017,0.871629,0.93865925,1.0214942,0.83135086,1.7053685,3.6666162,0.93994856,0.31436038,0.8535366,0.93648744,0.9385238,0.8657864,0.92224866,1.0104896,0.86235523,1.2161056,0.9519124,0.77499604,0.9671225,0.8628183
cell_0356,0.9086872,0.90542215,0.98268723,0.8931868,0.87500054,0.9772531,1.8121936,4.7095547,0.85861045,0.3226814,0.8872417,0.8000915,0.8433665,0.9797963,0.86596996,0.90482444,0.85797566,0.93638575,0.81292987,1.039005,0.7138742,0.74923897
cell_0357,0.8955362,0.8868873,0.8275826,0.8173787,0.8460232,0.8630684,1.8501927,5.11253,0.88421786,0.3171452,0.9328698,0.872882,0.8578953,1.0111964,0.9383651,0.9973421,0.7454969,0.7340644,0.86533606,0.80096877,0.7573207,1.0170784
cell_0358,0.949399,0.95613384,0.89227724,0.8077637,0.9991768,0.977041,1.5610154,3.3567834,0.8736639,0.33996588,0.9547198,0.81200004,0.88165534,0.8932391,0.8918882,0.88617116,0.93155134,1.054598,0.8120634,0.92914104,0.9434308,0.9428577
cell_0359,0.8409718,0.9518366,0.6959958,0.9111665,0.7415025,0.8913164,2.1532803,3.5272567,0.87131476,0.35998112,0.95351,0.8238933,0.8270966,0.7613653,0.9518933,0.9306308,0.88402903,0.930965,0.972768,0.9683359,0.7706147,0.8058998
cell_0360,0.94502974,0.9275964,0.9341846,0.90547365,0.9423479,0.8549899,1.8933749,3.3158958,0.89465594,0.34945098,0.90218616,0.9084108,0.8163633,0.8335461,0.8381822,1.0252426,0.87532365,0.84663707,0.88180345,0.85791224,0.8418607,0.9633268
cell_0361,0.8396951,0.8795972,0.87366444,0.95528847,0.9519362,0.8785731,1.8406028,3.3548446,0.86585605,0.33144084,0.83911556,0.89938,0.81952053,0.85868704,0.86125994,0.9202012,0.9029869,0.98863167,0.93506485,0.8996798,1.1136172,0.95736784
cell_0362,0.90315855,0.80058223,0.9096663,0.83455634,0.9359292,0.97740346,1.8661865,3.7974339,0.96964806,0.34803537,0.8561244,0.9691859,0.98058254,1.0257897,0.9059507,0.8719735,0.8762866,0.8734351,0.9257904,0.9503647,0.9673401,0.78536195
cell_0363,0.7742064,0.9025829,0.8802619,0.95368594,0.9575526,0.8454737,1.8305755,3.56472,0.86924076,0.35472193,0.8356149,0.9741095,0.943199,0.9341456,1.0193506,0.92021275,0.9696467,0.96541524,0.9057131,0.9532078,0.8621145,0.86089087
cell_0364,0.90230596,0.8792588,0.81599396,0.9792975,0.9045951,0.8832412,1.7177082,3.604566,0.8345534,0.33652756,0.9710059,0.931002,0.8544154,0.9178085,0.95887727,0.9220594,0.93680507,0.97520614,0.92292285,0.8059614,0.8045855,0.96776384
cell_0365,0.9018907,0.9666764,0.9067799,0.84779984,0.89277977,0.9601072,1.9736214,3.1954777,0.9590708,0.36605248,0.9368629,0.85331154,0.88555926,0.8549436,0.8882798,0.8881062,0.9526552,0.83986956,0.8640088,0.86801374,0.7869439,0.8151023
cell_0366,0.86137474,0.9294688,0.9249773,0.8919782,0.9386166,0.843941,1.8553753,3.165254,0.92788124,0.3568918,0.92961156,0.88137084,0.76280427,0.79608357,1.0576785,0.8700679,0.9330781,0.95611405,0.9360896,1.0886742,0.665342,0.85612935
cell_0367,0.8512206,0.99355155,0.9552043,1.0073423,0.9230996,0.82099426,1.9094843,2.9283125,0.9210704,0.35408738,0.9333501,0.88117427,0.90802884,0.8746975,0.85574466,1.054182,0.7912284,0.89687014,0.9157542,0.9973297,0.7929364,0.94256884
cell_0368,0.91821474,0.9318348,0.9324761,0.8210226,0.8763536,0.99277836,1.6428602,4.5661526,0.98799306,0.38118166,0.903444,0.8590202,0.92294616,0.9197994,0.79515934,0.85287404,0.9635607,0.822917,0.8686455,0.90673393,0.9753751,0.7360369
cell_0369,0.88043463,0.8981957,0.97879875,0.9877155,0.8704475,0.93197644,1.7653836,3.556368,0.90905976,0.33563098,0.9479231,0.8734519,0.9774852,0.8301363,0.9062266,0.752599,0.92121315,0.7814675,0.82869613,0.9003907,0.85050774,0.9594192
cell_0370,0.98092204,1.0018982,0.8882651,0.95259094,0.9099336,0.9239349,1.8534685,2.2164524,0.90589994,0.32170728,0.88545734,0.93408656,0.929742,0.9632581,0.83619183,0.9760405,0.8735469,1.0465978,0.8975337,1.1382142,1.0166286,1.0294888
cell_0371,0.93607306,0.9924759,0.91858506,0.87805593,0.9344855,0.9711136,1.78826,2.8443332,0.861993,0.34458748,1.0132607,0.99205697,0.83329606,0.92640483,0.8418293,0.865641,0.9040757,0.834499,0.8537191,1.098385,0.95735055,0.8636903
cell_0372,0.93250674,0.99464166,0.9763133,0.7863736,0.9383194,0.99030024,1.7644347,3.5064044,0.7660105,0.3257997,0.9648932,0.8073738,0.82411194,0.9092297,0.94953567,0.8719081,0.79455286,0.74067235,0.87907577,0.9743376,0.93830186,0.95678365
cell_0373,0.83548874,0.902398,0.8314759,0.94606423,0.836728,0.92148054,1.7511147,2.7803543,0.88023263,0.36978668,0.8758125,0.9429794,0.9495974,0.9107359,0.8176681,0.90049607,0.86978614,0.92384475,0.87426835,1.0016191,0.8627018,0.89651275
cell_0374,0.92259943,0.95322233,0.877928,0.9725877,0.9293023,0.8830498,1.6181687,3.5410626,0.8722858,0.34896553,0.8679314,0.7940429,0.79994667,0.84160894,0.9514635,0.9566818,0.90757376,1.0637724,0.83796954,0.8986286,1.2329907,0.89942473
cell_0375,0.87040186,0.9150353,0.9284452,0.8415166,0.91414565,0.81913567,1.8384284,4.136889,1.0561396,0.34355247,0.94340056,0.8963491,1.0072973,0.90318704,0.9312331,0.9716722,0.94525594,0.79021454,0.9903198,0.8245088,0.8375765,0.83910584
cell_0376,0.8859151,0.8869626,0.865091,0.9365487,0.96535033,0.91769,1.7072881,3.004228,0.84387255,0.38375962,0.83805865,0.8577532,1.0038539,1.0806799,0.93459535,0.85918236,0.9733761,1.008874,0.84542876,0.84139705,0.94665027,0.99873996
cell_0377,0.9625431,0.97560924,0.93557185,0.9315901,1.0963972,0.848981,1.8881727,2.4240444,0.9477713,0.3167946,1.0043402,0.85707015,0.9866671,0.9107246,0.87246263,0.87190616,0.74369794,0.8683691,0.8710401,0.8452018,0.869297,1.1383016
cell_0378,0.87798464,0.82463664,0.9711046,0.8723456,0.9825023,0.9586754,1.865682,3.421422,0.93052906,0.3487352,0.8231038,0.8176907,0.73801166,0.9234413,0.9865702,0.9475108,0.853687,0.9511147,0.84531486,0.98228467,0.9514089,0.9109969
cell_0379,0.9176352,0.8919715,0.9204809,0.7968328,0.9202794,0.8155212,1.9489353,3.398341,0.93931663,0.30727333,0.98105884,0.8675169,0.81272215,0.841324,0.91574013,0.9307213,0.81172895,0.85063785,0.8767092,0.7926211,0.85572916,1.0456725
cell_0380,0.97759545,0.878595,0.8470453,0.90113586,0.93926007,0.9088219,1.6557621,3.9518502,0.8728381,0.35579094,0.86443114,1.0324218,0.8849675,0.7873109,0.9936857,1.0141966,0.9362793,0.8037483,0.76863617,0.9746601,0.95397633,0.773324
cell_0381,0.8151575,0.901336,0.93301135,0.9177406,0.8621792,0.8422498,1.8041105,4.1537895,0.8601574,0.31735015,0.8784362,0.86602014,0.9096337,0.85764664,0.8270129,0.91429615,0.9029246,0.72148126,0.8241507,0.7683326,1.0322806,1.0154915
cell_0382,0.82505757,0.9014699,0.8095295,0.9415026,0.89991593,0.85430795,1.9175651,3.4639666,0.8204623,0.31819886,0.94087034,0.92893857,0.8272457,0.9071099,0.96141136,0.8302014,0.89341176,0.9137753,0.94093287,0.92823017,1.0696195,0.89611834
cell_0383,0.87424785,0.85930055,0.9007718,0.895969,0.94451827,1.0048136,1.9274259,3.0155864,0.8253498,0.34163678,0.9335856,0.9298374,0.97012216,0.9599565,0.8740301,0.8988953,0.875354,0.9865847,0.90537757,0.8778005,0.85826325,0.92846924
cell_0384,0.9179659,0.98425436,0.933647,0.9665665,0.7667447,0.9387509,1.9605736,3.2804084,0.8272307,0.3518032,0.8986284,0.9282776,0.93528795,1.0420626,0.881369,0.9386396,0.8603552,0.9781327,0.9865194,0.82160854,0.92776656,0.86236745
cell_0385,0.8077338,0.92424095,0.925934,0.8932398,0.98914057,0.93691504,1.8940779,3.1619527,0.9022847,0.34179613,0.8529691,0.97323596,0.8773918,0.8053787,0.77105564,0.9435485,0.8072849,0.9124295,0.926374,0.83676565,1.0514425,1.0512142
cell_0386,0.91822565,0.95123446,0.982959,0.934547,0.8460759,0.9440334,1.6503711,4.323022,0.9592539,0.3297754,0.82784444,0.8402557,0.7659132,0.85407835,0.9319955,0.828808,0.9804306,1.004116,0.94914216,0.95195925,0.85774773,0.8394823
cell_0387,0.9820445,0.9077434,0.961333,0.9169545,0.8440293,1.0179645,1.8099244,3.1338274,0.94317913,0.34416682,0.8573963,0.86438096,0.82833475,1.0371401,0.8564759,0.8385127,0.96593565,0.9073509,1.0301232,0.94706655,0.96942383,0.78970635
cell_0388,0.7611224,0.8808305,0.83259207,0.8407309,0.9371067,0.9170288,1.7669693,4.321561,0.95392317,0.35016984,0.89619106,0.9485804,0.8218713,0.87698644,0.828716,0.88968176,0.9434777,0.78831685,0.86906946,0.84490865,0.94458,0.92829734
cell_0389,0.84223115,0.9363102,0.92865974,0.96432513,0.9544383,0.90096563,1.8905685,3.1786652,0.9359691,0.33092394,0.94947326,0.8512191,0.9001167,0.71381855,1.0164237,0.89807355,0.7732987,0.8181401,1.0239948,0.8613601,0.8946065,0.93238074
cell_0390,0.89140236,0.87675,0.7693721,0.84765226,0.80133265,0.9426857,1.7925383,4.045634,0.9337862,0.3351912,0.9916824,0.9176725,0.9605715,0.9812193,0.9682047,0.8018768,0.9185894,0.9291515,0.987082,0.9359381,0.8259069,0.8362916
cell_0391,0.861684,0.90121704,0.92221385,0.963631,0.91451377,0.8948961,1.7832088,3.069023,0.8662654,0.36930355,0.95101357,0.84278363,0.9721899,0.85982543,0.9066771,0.98708457,1.0069731,0.834702,0.9561355,0.9737625,0.8428826,1.0708677
cell_0392,0.8776648,0.9569585,0.86169684,0.8480041,0.8840427,0.997715,1.797434,4.047987,0.97848344,0.37396652,0.8434693,0.8200313,0.9165754,0.9334355,0.9185309,0.8887757,0.79976225,0.9365493,0.92453426,1.0322477,0.9013614,1.0721772
cell_0393,0.96730715,0.88978916,0.95065814,0.8344166,0.90944743,0.8736978,1.6586124,2.6987114,0.9730376,0.30978137,0.94497705,0.89309114,0.827755,0.9356208,0.9091472,1.0355943,0.7517986,1.0112413,0.8983965,0.95560247,1.1247019,0.9284978
cell_0394,0.94920677,0.928886,0.90449786,0.89467555,0.91491103,0.9321585,1.8487228,3.3841853,0.824431,0.34986293,0.85701084,1.0224811,0.97636354,0.85760653,1.0165983,0.8600003,0.8651475,0.90612316,0.84643644,0.9818568,0.9234938,0.90442175
cell_0395,0.90259945,0.9250996,0.8694195,1.000309,0.9954288,0.9019561,1.7828846,2.8983715,0.9238087,0.34523162,0.9021227,0.9213873,0.8017176,1.0861804,0.7891637,0.94167817,0.935789,0.97319955,0.88438046,0.93160594,0.7947375,0.8240444
cell_0396,0.8635946,0.8919026,0.890513,0.8614836,0.9035831,0.966815,1.8686693,2.9437876,0.87764966,0.34514323,0.96217704,0.87724906,0.86116874,0.9746616,0.94511205,0.8020803,0.8885093,0.89921206,0.8704232,1.0686097,0.83980376,0.8966264
cell_0397,0.91893077,0.89492244,0.88384175,0.8493413,1.000057,0.9664768,1.6814021,2.2830193,0.8243047,0.37504256,0.7984515,0.8207576,1.082385,0.9029043,1.0948832,0.9646352,0.87711453,0.9832043,0.87244093,0.9337767,1.0078039,0.93209875
cell_0398,0.99189925,0.8560145,0.9554847,1.0613463,0.86082405,0.85706466,1.8169968,3.4428337,0.8245724,0.32457924,0.950554,0.838845,0.8575305,0.7802566,0.8870499,0.8968622,0.96038294,0.9683617,1.0252488,0.7367934,0.8204699,0.9376913
cell_0399,0.89415497,0.86898506,0.8850916,0.82231927,0.8547993,0.883159,1.7396479,3.9035175,0.87908435,0.3477416,0.88042337,0.8378274,1.02183,0.80482185,0.9343426,0.9947871,0.89594215,0.88430154,0.77344173,0.8355004,0.891364,1.0742928
cell_0400,0.9625791,0.85750383,0.8192678,0.8242107,0.852845,0.92251515,1.8168677,4.2580204,0.9513365,0.32673806,0.8280782,0.8423557,0.7645815,1.0409559,0.9701882,0.8355872,0.9211759,0.9744785,0.9581041,0.91068685,0.8904698,0.91288716
cell_0401,0.858761,0.93759954,0.87451816,0.9124517,0.99074346,0.9829266,1.753346,3.1007972,0.8910661,0.31830898,0.8414292,0.9341702,0.9661639,0.8631341,0.96778667,0.8528711,0.91864836,0.810758,0.83790183,0.9037276,0.87509984,0.99559206
cell_0402,0.91927314,0.98301405,0.8327808,0.9443923,0.8289961,0.8806278,1.8511218,4.050823,0.9961742,0.33417365,0.8496618,0.8222757,0.77679974,1.0147822,0.88229257,0.966374,0.9240644,0.9452389,0.98274034,0.9782791,1.0975181,0.8642863
cell_0403,0.87770426,0.89034903,0.99312645,0.8894861,0.97804105,1.018625,1.7472289,3.5783877,0.9976385,0.36275336,0.99083155,0.7955186,0.8974743,0.89578456,0.8805648,0.86649984,0.8887797,0.8246419,0.87111396,0.9717706,0.9758062,0.88349193
cell_0404,0.9118885,0.9326214,0.76160294,0.9321941,1.0159323,0.8848321,1.6361442,4.2156987,0.9876478,0.33608067,0.8859941,0.95738655,0.9471889,0.95369256,0.97264194,0.9509519,0.90541726,1.0580435,1.0219961,0.81116,1.1043983,0.9997832
cell_0405,0.9256966,1.0277694,0.8305783,0.7987064,0.92479336,0.88143563,1.7102832,3.3289144,0.9316283,0.3571311,0.90911126,0.8774712,0.826233,0.9564235,0.96394175,0.95777726,0.8781201,0.9086675,1.0351263,0.93766725,0.8613587,1.0008392
cell_0406,0.8929083,0.91762644,0.91979605,0.8796249,0.8283705,0.98492277,1.7970461,3.889189,0.8558592,0.34251556,0.9773309,0.83151764,0.844637,0.84561634,0.86642855,0.85292774,0.7974715,0.9797366,0.93710697,0.7829976,0.72636735,0.96622866
cell_0407,0.86171097,0.8827225,0.89280105,0.87699085,0.9188574,0.86401063,1.8422583,4.290039,0.7533829,0.33759356,0.9954318,0.8670003,0.82220465,0.90731263,0.92118865,0.89704776,0.73063797,0.8022749,0.9288233,0.8582256,0.8092032,0.8875819
cell_0408,0.9298963,0.8131982,0.8258256,0.8091,1.0508105,0.88918746,1.7613183,3.5295522,0.9072825,0.36028665,0.82481986,0.8445954,0.7630906,0.9806788,0.9304587,0.8852252,0.89451635,0.81272674,0.92247075,0.888746,1.0957589,1.0782865
cell_0409,0.96063334,0.93424153,0.9360495,0.89943,0.801924,0.90591043,1.8458341,2.7316973,0.93506527,0.34195015,1.0002011,0.91814005,0.9643771,1.0584843,0.9189119,0.9575362,0.8919915,0.8488186,0.85808355,0.9621512,0.92377955,0.7377167
cell_0410,0.91360295,0.93712133,0.9757659,0.89870095,1.0212631,0.8955165,1.8435309,3.6701858,0.82915527,0.33867493,0.8366707,0.84808487,0.90567696,0.8833657,0.8409139,0.96011066,0.8885554,0.97742176,0.7798226,0.9992748,0.7310393,0.9883998
cell_0411,0.9218768,0.9002276,0.91287637,0.86868364,0.90321547,0.9283507,1.7838951,3.844103,0.86224735,0.33180782,0.88405734,0.978317,0.8087548,0.81768996,0.88607484,0.8754438,0.85270244,0.94240266,0.8249279,0.92768174,0.9701502,1.0230666
cell_0412,0.9385184,0.9179567,0.8825376,0.8191675,0.891887,1.0037165,1.7386569,3.7577436,0.7692454,0.3222085,0.82530266,0.99423957,1.0081435,0.8325278,0.9566487,0.87613213,0.8706556,0.7746243,0.9389801,0.93213266,1.1372743,0.9817851
cell_0413,0.9233306,0.9169002,0.87651145,0.94030994,0.9874847,0.9917124,1.9719044,2.4749227,0.8998726,0.34974018,0.91633886,0.99628943,0.8784439,0.9032361,1.0239445,0.9051329,0.8030753,1.0446602,0.90925115,0.978124,0.91406584,1.0723641
cell_0414,0.915783,0.9182588,0.8431316,0.9262565,0.90129304,0.907639,1.516084,3.5363483,0.93102455,0.33962741,0.8802639,0.9325779,0.8611262,0.94421285,0.9284103,0.76957965,0.78720504,0.88090235,1.0628307,0.80467474,0.9262046,1.0197598
cell_0415,0.95294243,0.8763667,0.92453545,0.82953084,1.0195466,0.89274645,1.8146245,2.9320672,1.0125041,0.3338904,0.93104184,0.86571366,0.8834813,0.9645264,0.9152968,0.907844,0.8639787,0.83793366,0.8371661,0.9009753,0.7005824,0.9544839
cell_0416,0.801873,0.8418803,0.9738437,0.89921916,0.9341451,0.95540684,1.9116417,3.7559586,0.8223786,0.32267293,0.91261405,0.8423123,1.031551,0.791185,0.79820466,0.90864176,0.80635107,0.7888763,0.87053347,0.83118594,0.81268525,0.9254016
cell_0417,0.88779366,0.92385584,0.86395514,0.9745805,0.8614352,0.921367,1.893199,2.8209646,1.00159,0.36892107,0.9142896,0.7896778,0.8844663,0.86963433,0.8233573,0.9235597,1.060011,0.91213477,0.9015253,0.92353886,0.9837757,0.93539363
cell_0418,0.91691166,0.9455064,0.9197035,0.84391975,0.8641985,0.87380105,1.8454583,3.6430511,0.95856524,0.34225088,0.8197589,0.8775619,0.81276524,0.9481678,0.85727787,0.9164895,0.8483125,0.7819429,0.80328894,0.7201033,0.8908144,0.88778746
cell_0419,0.9109645,0.91209656,0.92392355,0.85004026,0.8544338,0.9413188,1.6196511,3.7845817,0.86263394,0.36274195,0.9269124,0.9401344,0.89206773,0.89704174,0.75514406,0.8537357,0.9632237,0.97365594,0.95057094,1.0200226,0.94157827,1.1033127
cell_0420,0.95476836,0.9540741,0.93867385,1.0165963,0.8550323,0.9936924,1.6678385,3.290779,0.84851635,0.34794,0.90623695,0.98748887,0.858076,0.912503,0.9604037,0.94492006,0.78296393,0.92330456,0.9450151,0.953339,0.9000823,1.0412744
cell_0421,0.97864586,0.90254784,0.88804215,0.8385845,1.0341877,0.83290476,1.697405,3.2900608,0.8779377,0.3154276,0.8975336,0.9508641,0.90776193,0.86993635,0.80744135,0.90541345,0.8207841,1.0334468,0.8491867,0.9333702,1.0981417,0.97425634
cell_0422,1.0106379,0.839153,0.89835864,0.91148263,0.8644752,0.96720725,1.8061831,4.520925,0.84934705,0.37260365,0.7991069,0.8987207,0.899195,0.96107274,0.802665,0.9051747,0.7591218,0.94882417,0.9275213,0.79600847,1.0859938,0.790311
cell_0423,0.8905624,0.86641693,0.87305903,0.9171244,0.8312856,0.9776607,1.7142605,3.5122616,1.0378672,0.34633917,0.8648729,0.8292226,0.8879789,1.0330731,0.8009817,0.891461,1.011219,0.9235337,1.0301701,0.895642,0.6854065,0.87025523
cell_0424,0.8824977,0.79241806,0.8682592,0.9194933,1.061301,0.857714,1.847034,3.5793912,0.9258158,0.33832937,0.84949076,0.89809453,0.89768654,1.0403442,0.96342117,0.8787984,0.9896353,0.9749847,0.8722796,0.7245342,1.2669381,0.84351635
cell_0425,0.9575338,0.87192774,0.8793106,0.9082719,0.9209618,1.0037192,1.6112565,3.6090686,0.91399807,0.35060766,0.91817707,0.9777945,0.9413643,0.82412094,0.9153602,0.9446281,0.99863833,0.9461676,1.0372119,0.90837246,0.9056327,1.013001
cell_0426,0.91859704,0.919703,0.9122195,0.9214567,0.9135954,0.8840152,1.9053133,3.953534,0.86998916,0.34181574,0.942353,0.94358593,0.922779,0.88022584,0.7872678,0.9028421,0.9422554,0.7883561,0.8397693,0.8454528,0.8045899,0.8391717
cell_0427,0.90727335,0.9547516,0.9033404,0.8287669,0.90496105,0.88042855,1.946597,4.030012,0.9162683,0.31493798,0.85170174,0.883945,0.84016967,0.8141499,0.9732104,0.8404458,0.9116961,0.9438174,0.88966143,0.8025306,0.88406265,0.7794349
cell_0428,0.872824,0.9155922,0.9395072,0.9478111,0.8500589,0.99889153,1.8761181,2.8910432,0.81404275,0.30940884,1.0091407,0.79547584,0.9547877,0.7979412,0.98382205,1.0388827,0.94252783,0.7523868,0.86247426,0.96162516,0.9843843,0.8566338
cell_0429,0.86318976,0.89684236,0.90632915,0.92834765,1.0058855,0.9060117,1.8996873,3.3690963,0.9561477,0.32693693,0.97336215,0.9473386,0.9617463,0.7887719,0.81527406,0.89355135,0.87228656,0.79979354,0.94128954,0.8845029,0.9124167,0.8077507
cell_0430,0.94658005,0.87054515,0.84739196,0.9627416,0.7937274,0.9648464,1.9227104,3.8009453,0.8677898,0.33207676,0.86756945,0.9052586,0.89012474,0.8772366,0.7709936,0.919571,0.9711964,0.8613617,0.9485236,0.98016715,1.0115772,0.9005193
cell_0431,0.9084507,1.022643,0.89806175,0.8621064,0.9178429,0.98014,1.6944376,3.8230953,0.85276645,0.33445182,0.87436527,0.79017276,0.96376073,0.9754355,0.9342716,0.88167095,0.9840972,0.9986732,0.83623385,0.756256,0.9431419,0.8882728
cell_0432,0.8237957,0.987584,0.8413451,0.9059981,0.89964384,0.79044026,1.9187925,3.4666054,0.88096553,0.3624235,0.90008444,0.935868,0.8405238,0.7966647,0.85575813,1.0548913,0.91476303,1.005605,0.89900774,0.9029779,0.7370921,0.9138844
cell_0433,0.8940798,0.88453585,0.88508826,0.8958226,0.91348714,0.8665199,1.8588034,3.3346677,0.90020424,0.3534418,0.8064667,0.9154194,1.015652,0.9647076,0.7852428,0.92086625,0.88088226,0.9605602,0.9241754,0.8510375,0.919218,1.028793
cell_0434,0.8981302,0.86138666,0.8963068,0.94502336,0.90492105,0.8836253,1.7522666,3.9785619,0.9353533,0.34162202,0.93174815,0.8591776,1.0149072,0.8798031,0.99185556,0.991237,0.9095018,0.8435096,0.8754415,0.9447131,0.78426576,0.849124
cell_0435,0.8979422,0.89909774,0.9062783,0.9819593,0.92058635,0.9596469,1.8817569,3.357559,0.8827608,0.34916478,0.8379396,0.9193128,0.72591686,0.8722195,0.92353296,0.79150933,0.98472065,0.8030489,0.890688,0.8641181,1.0218331,0.78845286
cell_0436,0.8478761,0.85220224,0.7957777,0.907986,0.8193711,0.9621157,1.8788544,3.7992115,0.85752887,0.35157207,0.8938817,1.0062361,0.88386756,0.9157845,0.84062666,0.9373924,0.8867249,0.87241083,0.8715927,0.9367464,0.76593703,0.9082251
cell_0437,0.925506,0.82487553,0.9798129,0.8302997,0.9753202,0.8442862,1.9095867,2.7182965,0.9001167,0.334111,0.8718535,0.9623609,0.9365554,0.8143395,0.8792697,0.9809683,0.9436344,0.88427925,0.8725327,0.7781354,0.7307627,0.98478967
cell_0438,0.87753195,0.9692272,1.0052958,0.9473987,0.9508925,0.95241296,1.8489326,3.2084928,0.89153737,0.33036554,0.9096458,0.9137235,1.0190616,0.8255831,0.85687745,0.90822285,0.9464871,0.77174455,0.88800627,0.76718867,0.984209,0.8276733
cell_0439,0.8233814,0.8714019,0.8247835,0.85526776,0.9231337,1.0169325,1.833874,2.7117095,0.9413158,0.35457718,0.90057504,0.9193622,0.9178691,0.9489717,0.8499095,0.9019422,0.94755054,0.84625447,0.9476059,0.94207877,1.1494424,1.0353231
cell_0440,0.9308806,0.98634803,0.96459067,0.9947997,1.0790467,0.86766934,1.7233021,3.6107798,0.8544339,0.34374976,0.83553475,0.7620098,0.7729654,0.88910776,0.8738653,0.9677381,0.8659481,0.88781303,0.8810281,0.9682539,0.85236484,0.9555387
cell_0441,0.90974534,0.96611035,0.9117827,0.9784164,0.95246106,0.99376976,1.6418575,2.7681386,0.959274,0.37037268,0.858367,0.96973044,0.81441146,0.89326185,0.8856748,0.7324202,0.88763756,0.89155924,0.8833868,0.9100935,0.9401934,1.1010076
cell_0442,0.90149,0.90985423,0.9189441,0.84038484,0.8498039,0.9077061,1.9624287,3.7500212,0.87768906,0.32681084,0.8588872,0.925429,0.82499444,0.9996325,0.95818746,0.88751704,0.94442546,0.7821231,0.9536947,0.94093066,0.83040816,1.0897946
cell_0443,0.9378676,0.814221,0.97613674,0.7835985,0.9099682,0.90132177,1.9017775,3.6029475,0.8047442,0.3358288,0.8769981,0.78434944,0.90886426,0.93243295,0.8395732,0.85590106,0.770893,1.0390081,0.9162577,0.79791206,0.88237727,1.0114135
cell_0444,0.8843316,0.8766817,0.9143179,0.95800835,0.8551665,0.8735702,1.7613928,3.9682899,0.92902684,0.3364531,0.7858146,0.89937985,1.0266094,1.0433842,0.89776427,0.98472476,0.9068719,0.98828626,0.871153,1.1617142,0.7425755,0.9886911
cell_0445,0.9209593,0.95379514,0.84876275,0.9153541,0.89135015,0.7774409,1.8254061,3.2160745,0.9538717,0.33813396,0.9505225,0.8921691,0.9377214,0.83320385,0.77277964,0.960899,0.9482707,0.9821364,0.9673355,0.94999194,0.8021874,0.9268343
cell_0446,0.85311764,0.9389521,0.8914822,0.95512474,0.80609894,0.8794449,1.8477467,3.065357,0.89768535,0.3336434,0.8683926,0.9729499,0.9469657,0.94426507,0.92485267,0.87366647,0.81887704,0.9369387,0.933994,0.8926314,0.84066427,0.88702923
cell_0447,0.9607919,0.87904555,0.900893,0.9019522,0.8206264,0.88696146,1.9077463,3.6716454,0.84936094,0.33720735,0.90443856,0.9094748,0.89669406,0.9032556,0.9185288,0.8928429,0.8649488,0.8316779,0.8634358,0.9556295,1.0538964,0.9554325
cell_0448,0.8697316,0.86400694,0.8677576,0.9576191,0.8812919,0.92933685,1.9610999,2.4829972,0.89468986,0.34340382,0.9101881,0.843715,0.90441424,0.8439257,0.8969274,0.97900474,0.81623393,0.821447,0.9775382,0.8706154,0.78356546,0.9551008
cell_0449,0.9605543,0.9267237,0.8740135,0.9530596,0.90198743,0.83958185,1.7511433,2.8519664,0.87142646,0.3383071,0.9574788,0.84334207,0.88895285,0.99515224,0.8898422,0.9550589,0.97061455,0.86031413,0.9010103,0.8165948,1.0165466,1.088689
cell_0450,1.0185566,0.9040115,0.8904255,0.8874841,1.0133094,0.8103182,1.7181604,4.2869525,0.8032896,0.33285046,0.894447,0.8659299,0.9128433,0.77706695,0.8711915,0.8241413,0.85152847,0.86347103,0.8031272,0.9908858,0.8742886,0.9428484
cell_0451,0.9254769,0.8182735,0.94188684,0.82771474,0.809103,0.91173947,1.8219783,4.258742,0.9316652,0.34281957,0.8715457,0.9737285,0.93648875,0.94586086,0.99512535,0.9028762,0.8628333,0.8477004,0.9022706,1.0552665,0.8410229,0.79517204
cell_0452,0.87448907,0.7987147,0.8459084,0.9406215,0.97794056,0.9065704,1.853042,4.510975,0.91379976,0.37562466,0.8154975,0.8895244,0.7638391,0.9121896,0.8474585,0.9623534,0.9603123,1.0237439,0.7700892,0.89465636,0.9689808,0.8306636
cell_0453,0.81156474,1.0056832,0.87250346,1.0003847,0.8847172,0.9064283,1.7362306,4.517072,0.84276193,0.352956,0.84887683,0.8844485,0.88743126,0.92172974,0.9145243,0.80479246,1.0397828,0.8562419,0.9114154,0.8954967,0.8571888,0.81847095
cell_0454,0.89641446,0.9334636,0.91534024,0.95940983,1.0027025,0.85377437,1.8210914,1.9902434,0.9702542,0.3487784,0.84360665,0.9074459,0.93999,0.88924617,0.85322696,0.893066,0.86233807,0.7845721,1.0235848,1.0881293,1.0323334,0.907463
cell_0455,0.91390216,0.9305082,0.9058526,0.8122971,0.8997753,0.9376769,1.6922426,3.201702,0.9379195,0.32885,0.8896919,0.9769127,0.7984428,0.9259578,0.8036401,0.8779105,0.915081,0.88397133,0.8548435,0.94263196,0.86990315,1.0471394
cell_0456,0.8776271,0.9122375,0.9806733,1.0140482,0.7845961,0.90282524,1.6241441,3.2451143,0.95992595,0.32604444,0.8765273,0.90361965,0.87918526,0.9347145,0.9654176,0.884422,0.76817137,0.9618499,0.8533486,1.009399,0.8841229,0.95230955
cell_0457,0.944303,0.9039829,0.9602349,0.9183637,0.8959361,0.9026245,1.844359,3.303562,0.8457871,0.3553272,0.9068914,0.78734064,0.90294063,0.8888823,0.8280328,0.80057895,0.9816576,0.8903414,0.8604544,0.99168426,0.90049756,0.98563474
cell_0458,0.90101314,0.85822874,0.7662991,0.8421181,0.87058747,0.8903794,1.8098837,3.5321896,0.9398416,0.3343622,0.89385086,0.93235004,0.8927222,0.9401177,0.89117587,0.9474563,0.8664841,0.9302512,0.89286995,0.8639082,0.84689635,0.9020253
cell_0459,0.9405797,0.9578089,0.85226953,0.8558018,1.0233457,0.9099048,1.8768586,3.6889508,0.86400676,0.33616123,0.93567866,0.9047866,0.9551219,0.7522291,0.95008516,0.9136776,0.92870176,1.0161197,0.8237344,0.6729166,0.7529602,0.891491
cell_0460,0.865902,0.9580604,0.91263276,0.8440483,0.847871,0.87874824,1.8484184,4.4400935,0.8262866,0.35305524,0.89752555,0.8813645,0.867977,1.0350859,0.7845463,0.9699507,0.88029915,0.974775,0.8612878,0.87845063,0.792934,0.84099436
cell_0461,0.87760156,0.8603084,0.9143298,0.875202,1.0403768,0.95802355,1.8019499,3.3930821,0.86860853,0.32254052,0.9599614,0.84659916,0.8667146,0.9114927,0.8837057,0.7854467,1.0362903,0.979043,0.8511237,0.9980035,1.048513,0.9456835
cell_0462,0.85543466,0.9797616,0.923331,0.9046618,0.92959625,0.928955,1.7933694,2.7378345,1.0018277,0.29177257,0.84013426,0.9908464,0.7844411,0.8874462,0.991509,0.8597319,0.90627736,0.73211884,0.95900315,0.81926703,0.86035275,1.0319942
cell_0463,0.8776408,1.0256034,0.8300621,0.80233884,0.9610266,0.9210793,1.9625603,3.3299356,0.9091399,0.33428562,0.9304502,0.8125242,0.9531742,0.972048,0.8596389,0.9657442,0.91873735,0.9975994,0.8487587,0.9165655,1.0580182,0.92407644
cell_0464,0.78920513,0.97722363,0.8495137,0.9187378,0.9428674,0.8570855,1.6698109,3.7100966,0.8540624,0.32525828,0.9000423,0.93757784,0.72676605,0.83103126,0.8418757,0.9691578,1.0868841,0.9392749,0.9061135,0.84113574,0.9484157,1.1182423
cell_0465,0.851577,0.9289855,0.89524686,0.9696605,0.89113677,0.8640416,1.7789302,4.5129285,0.97145903,0.33748642,0.9226228,0.7984408,0.98853827,0.8609258,0.88006026,0.77766347,0.78318566,0.91355103,0.8901185,0.97737575,0.80514246,1.0609732
cell_0466,0.866082,0.84516734,0.8987589,0.9446557,0.8658839,0.8675446,1.840169,3.4151573,0.90625787,0.36591345,0.9239117,0.9085998,0.9776498,0.80219704,1.0532959,0.9164401,0.9232664,0.9061236,0.85103905,0.823753,0.959849,0.8281824
cell_0467,0.9302107,0.85595727,0.9064277,0.9082741,0.9506287,0.9324469,1.9055846,3.3450487,0.7720961,0.35831314,0.92770386,0.97464925,0.90981185,0.99878764,0.95942223,0.8261343,0.88027906,0.7877497,0.9534747,0.812125,0.9961977,0.8989546
cell_0468,0.8923844,0.8893369,0.9308677,0.831976,0.81539685,0.9288625,1.8682113,3.2464721,0.81711614,0.32258505,0.93401986,0.9757981,0.7416935,0.7975421,1.05133,0.89131004,1.0116373,0.8901424,0.9332621,0.8279164,0.9433999,1.0240849
cell_0469,0.9134425,0.88177085,0.9690158,0.78471184,1.0061134,0.9995826,2.0503013,3.2193308,0.8685305,0.33978823,0.8690658,0.8473164,0.84899753,0.9388838,0.92367774,0.74083465,0.87393165,0.8711167,0.8911038,0.9495009,0.8825814,0.8376242
cell_0470,0.8709113,0.91335833,0.97829825,0.95142174,0.82012326,0.9457354,1.8724133,3.0695162,0.8358511,0.33478978,0.8839534,0.9226678,0.8623326,0.99467254,0.9049594,0.9446631,0.8857784,0.98920983,1.0569893,0.8804192,0.88441986,0.8212147
cell_0471,0.95101804,0.9201023,0.90142566,0.9034332,0.91755825,0.86223716,1.6717386,3.6850123,0.88779604,0.33421624,0.9669473,1.0047016,0.81006104,0.8261662,0.92737985,0.95603275,0.99982727,0.77554464,0.8685902,0.8719886,0.9272045,0.93521214
cell_0472,0.9341363,0.9660241,0.89693373,0.8976428,0.84694487,0.94664663,1.8748746,2.8650713,1.0008812,0.33472744,0.8872695,0.87578297,0.9703286,0.96072483,0.93967545,1.017572,0.807595,1.0317086,0.7983542,1.0319229,1.0788095,0.84507495
cell_0473,0.88520175,0.99101335,0.83477306,0.92157537,0.9100105,0.94897926,1.8080789,3.4296603,0.9147546,0.3399188,0.9208723,0.9310927,0.84183526,0.9551196,0.8141815,0.82657313,0.9393878,1.0446184,0.899648,0.8917151,1.0016065,0.8428103
cell_0474,0.9457983,0.90324956,0.88422376,0.9060866,0.9527012,0.9181486,1.6935003,3.5811582,0.8136133,0.32930723,0.88380694,0.78999674,0.79561096,0.84003794,1.0212233,0.9342092,0.9913756,0.85333693,0.7954699,0.9474452,0.9191807,0.83231765
cell_0475,0.8938427,0.8035052,0.92859477,0.86585915,0.9419225,0.8969878,1.7655871,4.1845336,0.9080199,0.34433112,0.9499755,0.86106706,0.827159,0.98187983,0.86025846,0.87902945,0.9555668,0.88599837,0.8992018,0.7835438,0.7586729,0.7382462
cell_0476,0.8259676,0.994976,0.899514,0.76476145,0.8479686,0.9924684,1.7877864,3.6423028,0.7685574,0.38116795,0.83372164,0.9168048,0.8078748,0.87198603,0.9301152,0.91508347,0.93520516,0.77545255,0.940155,0.9503522,0.8050119,0.8567603
cell_0477,0.83640945,0.8618311,0.923606,0.84583014,0.92930245,0.7900512,1.7683223,3.9461222,0.8542193,0.35206386,0.89940554,0.8911631,0.92301726,0.9929544,1.0179292,0.9232183,0.9437294,0.9323213,0.8567727,0.8967999,0.8728224,0.8862702
cell_0478,0.87730235,0.90304375,0.9986948,0.98146886,0.9494674,0.8614912,1.7961391,3.5264785,0.8902949,0.351584,0.8915321,0.8625111,0.7635886,0.8427971,0.788764,0.7994451,0.9121416,0.9682056,0.9130813,0.88541496,0.78026485,1.1006335
cell_0479,0.76903623,0.93815506,0.92011803,0.8275324,0.8283814,0.8117977,1.9826669,2.8118715,0.94550216,0.3441596,1.0069243,0.95472366,0.98526937,1.0119565,0.83451915,0.8936467,0.94108164,0.9613666,0.90050465,1.108003,0.8128752,0.9139819
cell_0480,0.9686235,0.90766525,0.81298023,0.9498277,0.88090074,0.92734,1.7277781,2.6473446,0.97897846,0.3354341,0.7947039,0.90960777,0.9924483,0.8836444,0.8014546,1.0515578,0.79624254,0.90322006,0.9099734,0.8728001,1.0179145,0.9650942
cell_0481,0.8861441,0.94128203,1.0324879,0.962566,0.8729089,0.9079274,1.9896599,3.3662179,0.81296504,0.31717023,0.93016255,0.8196254,0.8166533,0.9086089,0.85761076,0.901232,0.9075324,0.80272543,0.8492551,0.84129184,0.6985574,0.8047819
cell_0482,0.9006784,0.98285687,0.9331851,0.86447597,0.84431905,0.9600193,1.9713044,3.2084181,0.88909274,0.359449,0.84669054,0.8522817,0.8398085,0.80124736,0.83448803,0.9802853,0.82426596,0.9501422,0.913834,0.9905254,0.8412387,0.98517203
cell_0483,0.9162645,0.9692928,1.0485328,0.8561476,0.91394436,0.90515476,1.8446366,3.8575644,0.84867144,0.32625136,0.81674814,0.8948691,0.9367028,0.83093107,0.84628344,0.9351987,0.8545958,0.9355337,0.9595154,0.88234997,0.7255102,0.8602116
cell_0484,0.8466947,0.9501136,0.8180906,1.0121375,0.9577897,1.0744581,1.9361801,3.2135544,0.8507978,0.3164171,0.9264237,0.834246,0.8991612,0.8931916,0.98835146,0.88154924,0.9595791,0.8811336,0.9444983,0.8869702,0.9871825,0.98440856
cell_0485,0.8233436,0.8716736,0.91143346,0.8025151,0.96557283,0.90128833,1.9496391,3.2724679,0.9052227,0.33610252,0.9197266,0.9155513,0.76969826,0.92801434,0.9067922,1.0044551,0.8354501,0.8486709,0.97188354,0.9935641,1.0711398,0.8964826
cell_0486,0.9104414,0.9383248,0.91302663,0.85463905,0.85199857,0.87725925,1.9631646,4.0332527,0.8633875,0.35677707,0.89457184,0.9572322,0.89154184,0.9775802,0.7672272,0.75562644,0.97562915,0.76203287,0.868787,1.0051116,0.84404093,0.80489874
cell_0487,0.9794095,0.8683594,0.87060237,0.87327194,0.90130913,0.9338597,1.8479648,4.6466227,0.9501831,0.33685094,0.8297671,0.7974773,0.8700077,0.9249972,0.8260052,0.84613144,0.79982615,0.85431963,0.80790985,0.827882,1.0708634,0.9469171
cell_0488,0.87066156,0.85744107,0.87287647,0.9622171,0.9932715,1.1206412,1.7512063,3.147142,0.8576662,0.3739644,0.89612955,0.9467424,1.0483301,0.99476236,0.8565043,0.9174422,0.9043622,0.82862544,0.9327743,0.94937164,0.883829,0.8699164
cell_0489,0.90519375,0.9330356,0.83055615,0.8823583,0.8825362,0.87079364,2.081368,3.1988614,0.8589192,0.31228137,0.832484,0.85077316,0.9100988,0.9638886,0.88197356,0.9323533,0.87477535,0.85159916,0.88030815,0.8753033,1.0333728,0.7776422
cell_0490,0.91425204,0.9599814,0.90856683,1.0345472,1.018463,0.8775723,1.8286527,3.6430511,0.760756,0.3504857,0.86266875,0.9349206,0.989376,0.8876474,0.9808552,0.86970127,0.86409116,0.8149093,0.93473554,0.8648737,1.0007579,0.8326011
cell_0491,0.9471715,0.8869879,0.88826907,1.0088713,1.012992,0.8804491,1.6840576,3.8910532,0.9038951,0.32637176,0.8193765,0.9518247,0.9861749,0.88970584,0.98925513,0.84482163,0.82879215,0.86701494,0.90578586,0.70869684,0.80227077,0.9644809
cell_0492,0.9370264,0.9330189,0.88271546,0.7826279,0.96907157,0.9772752,1.716606,2.8051214,0.8488173,0.35223925,1.0087901,0.8851515,0.97755885,0.88217455,0.91891754,0.88865554,0.975172,0.89789593,0.9592381,0.82352626,0.81510586,0.79962176
cell_0493,0.86082447,0.9474852,0.75707954,0.8943856,0.89158475,0.90498656,1.8742476,3.744369,0.91821116,0.31876096,0.8652579,0.86175305,0.9831863,0.8701231,0.8593469,0.85881287,1.046309,0.8523561,0.9411038,0.8259009,0.75783545,1.0808538
cell_0494,0.8632931,0.9195025,1.0115726,1.0156374,0.91570395,0.80699223,1.8579808,4.366816,1.0148029,0.3244399,0.83054197,0.97786677,0.85201734,0.9115954,0.89525104,1.0525429,0.8704943,0.91995937,0.8955061,0.6164693,0.88873696,0.87482315
cell_0495,0.92892796,0.8672378,0.86448306,0.8010549,0.93340796,0.8958181,1.918302,3.3843255,0.922571,0.32424062,0.9700111,1.0070491,0.84507775,0.82273805,0.91691375,0.84247947,0.9420094,0.9445639,0.9749934,0.799216,0.92771494,0.937625
cell_0496,0.9221294,0.933075,0.8952572,0.96179384,0.90512776,0.86587644,1.8943319,2.5763638,0.9388064,0.3479471,0.85055506,0.9132834,0.90426546,0.7952528,0.87175107,0.99079496,0.9529549,1.0231378,0.90672,0.8106719,0.7616404,0.86281073
cell_0497,0.97209316,0.87422854,0.94956046,0.8103841,0.9040292,0.88489,1.8328394,3.1151373,0.8749445,0.35878852,0.87536687,0.8209057,0.7644498,0.98465884,1.0120251,0.9970831,0.87374866,0.995525,0.92670375,0.82540154,0.9372397,0.950988
cell_0498,0.8525373,0.958164,0.94011617,0.8174905,0.90688056,0.75844383,1.8117472,3.1547601,0.8956221,0.31670076,0.83306706,0.8452302,0.80390227,0.9667707,0.9506974,0.9165908,0.92955774,1.0150384,0.9584579,0.92330724,0.70089746,0.9021782
cell_0499,0.89306,0.87995803,0.8957439,0.88397825,1.016123,0.9582209,1.5479597,3.2245846,0.9231302,0.3246051,0.98642236,0.984785,0.9521107,0.8829209,0.98423463,0.86966866,0.9523833,0.91997766,0.91951984,0.80858004,0.85296285,0.7570497
